subtype	GT28	GT2	AA7	GT51	AA1	GH4	GT8	GT35	CE1	GT19	CBM48	GH13_11	GT56	GT4	GH179	CE9	GT9	GT0	GH77	GH3	CE11	GH23	CBM50	GT83	GT30	GH37	GH2	GT26	CE8	GH24	AA6	GT5	GH13_5	GH109	GH13_9	GH73	GH8	GH1	GT20	GH103	GH25	GH104	GH13_18	GH13_19	GH102	GH31_3	GH31	GH13_29	AA3_2	GH31_13	CE4	GT25	CBM34	GH13_21	GH65	GT107	GH63	GH153	CBM5	GH18	AA0	GT22	GH13_31	2.4.1.-	GH38	GT58	CE12	GH36	GH13_3	GH5_11	GH67	GT47	GH152	GH43_12	GH13	GH28	GH27	AA5_1	GH85	GT1	GH13_26	GH13_30	GH5_18	GH6	2.4.1.12	CE0	GH92	GH13_23	GH39	GH5_12	CE14	3.2.1.20	3.2.1.84	GT112	GH32	GT11	GH15	GT41	GH127	GH43_26	GH31_2	2.4.1.305	GT100	GT44	GH13_20	CBM69	GT73	GH108	GH177	GT111	GH13_27	GH0	GT32	PL22	PL22_1	PL9_1	GH33	GH19	GT38	GH19_1	GH58	GT52	3.2.1.-	CBM73	GT77	GT6	GH43_11	CBM91	2.4.99.-	GT113	CBM18	GH19_2	PL8	GH31_4	GH90	GH105	GH42	GH53	3.2.1.17	2.4.1.69	GH43	GT99	2.4.1.1	GT14	3.2.1.26	GH88	GT94	GT116	CBM4	GH9	GT84	GH94	PL14
O10	3.0	38	1.0	9	2	5	6	5	5	2.0	5	4	3	23	2	4.0	9	2.0	2.0	7	2.0	23	7.0	4	3	4	8	2.0	3	15	1.0	2.0	2.0	1.0	3	6	2.0	14	2.0	5	3	2.0	2.0	2.0	2.0	1.0	2.0	3.0	2.0	1.0	5	0.0	2.0	2.0	3.0	1.0	2.0	3.0	1.0	2.0	1.0	1.0	2.0	2.0	3	1.0	1.0	1.0	4.0	1.0	1.0	1.0	1.0	1.0	2.0	2.0	1.0	1.0	1.0	4	1.0	1.0	1.0	1.0	1.0	6.0	1.0	1.0	1.0	1.0	0.0	1.0	1.0	0.0	0.0	0.0	0.0	0.0	2.0	0.0	0.0	0.0	0.0	0.0	0.0	0.0	2.0	0.0	0.0	2.0	0.0	0.0	0.0	0.0	0.0	0.0	0.0	0.0	0.0	0.0	0.0	0.0	0.0	0.0	0.0	0.0	0.0	0.0	0.0	0.0	0.0	0.0	0.0	0.0	0.0	0.0	0.0	0.0	0.0	0.0	0.0	0.0	0.0	0.0	0.0	0.0	0.0	0.0	0.0	0.0	0.0	0.0	0.0
O100	3.0	39	1.0	9	2	5	6	5	5	2.0	5	4	3	18	3	4.0	6	3.0	2.0	7	2.0	15	8.0	4	3	4	8	2.0	3	9	1.0	2.0	2.0	1.0	3	6	2.0	17	2.0	5	3	0.0	2.0	2.0	2.0	1.0	2.0	3.0	2.0	1.0	5	0.0	2.0	2.0	3.0	1.0	2.0	3.0	0.0	1.0	1.0	1.0	2.0	2.0	3	1.0	1.0	2.0	4.0	1.0	1.0	1.0	1.0	2.0	2.0	1.0	1.0	1.0	1.0	2	1.0	1.0	1.0	1.0	1.0	2.0	1.0	1.0	1.0	1.0	1.0	0.0	0.0	0.0	2.0	0.0	0.0	0.0	2.0	0.0	0.0	0.0	0.0	0.0	0.0	0.0	0.0	0.0	0.0	0.0	0.0	0.0	0.0	0.0	0.0	0.0	0.0	0.0	0.0	0.0	0.0	0.0	0.0	0.0	0.0	0.0	0.0	0.0	0.0	0.0	0.0	0.0	0.0	0.0	0.0	0.0	0.0	0.0	0.0	0.0	0.0	0.0	0.0	0.0	0.0	0.0	0.0	0.0	0.0	0.0	0.0	0.0	0.0
O101	3.0	29	1.0	9	2	7	4	5	3	2.0	5	4	3	22	3	4.0	8	3.0	2.0	7	2.0	20	8.0	4	3	4	8	2.0	3	12	1.0	2.0	2.0	1.0	3	3	2.0	14	2.0	5	3	2.0	2.0	2.0	2.0	1.0	3.0	3.0	2.0	1.0	5	0.0	2.0	2.0	3.0	1.0	2.0	3.0	1.0	2.0	1.0	1.0	2.0	2.0	1	1.0	1.0	2.0	3.0	1.0	1.0	1.0	1.0	1.0	2.0	2.0	1.0	1.0	1.0	2	1.0	1.0	1.0	0.0	1.0	4.0	1.0	1.0	0.0	1.0	0.0	0.0	0.0	0.0	2.0	0.0	1.0	0.0	2.0	0.0	1.0	0.0	0.0	0.0	0.0	0.0	0.0	0.0	0.0	0.0	1.0	1.0	0.0	0.0	0.0	0.0	0.0	0.0	0.0	0.0	0.0	0.0	0.0	0.0	0.0	0.0	0.0	0.0	0.0	0.0	0.0	0.0	0.0	0.0	0.0	0.0	0.0	0.0	0.0	0.0	0.0	0.0	0.0	0.0	0.0	0.0	0.0	0.0	0.0	0.0	0.0	0.0	0.0
O102	3.0	35	1.0	9	2	4	4	5	4	2.0	5	4	3	16	3	4.0	8	3.0	2.0	7	2.0	18	8.0	4	3	4	8	2.0	3	18	2.0	2.0	2.0	1.0	3	8	2.0	12	2.0	5	3	0.0	2.0	0.0	2.0	1.0	2.0	3.0	0.0	1.0	2	0.0	2.0	2.0	3.0	4.0	2.0	0.0	2.0	2.0	1.0	2.0	2.0	2.0	1	1.0	1.0	2.0	4.0	1.0	1.0	1.0	1.0	2.0	2.0	2.0	1.0	1.0	1.0	2	1.0	1.0	1.0	2.0	1.0	6.0	1.0	1.0	1.0	1.0	0.0	0.0	0.0	0.0	0.0	0.0	0.0	0.0	0.0	0.0	0.0	0.0	0.0	0.0	0.0	0.0	0.0	0.0	0.0	0.0	0.0	0.0	0.0	0.0	0.0	0.0	0.0	0.0	0.0	0.0	0.0	0.0	0.0	0.0	0.0	0.0	0.0	0.0	0.0	0.0	0.0	0.0	0.0	0.0	0.0	0.0	0.0	0.0	0.0	0.0	0.0	0.0	0.0	0.0	0.0	0.0	0.0	0.0	0.0	0.0	0.0	0.0	0.0
O103	3.0	37	1.0	9	2	5	4	5	4	2.0	5	4	3	22	3	4.0	6	6.0	2.0	7	2.0	15	8.0	4	3	4	8	2.0	3	29	1.0	2.0	2.0	1.0	3	7	2.0	17	2.0	5	3	2.0	2.0	2.0	2.0	1.0	2.0	3.0	2.0	1.0	6	0.0	2.0	2.0	3.0	1.0	2.0	3.0	0.0	1.0	2.0	1.0	2.0	2.0	3	1.0	1.0	2.0	4.0	1.0	1.0	1.0	1.0	2.0	2.0	2.0	1.0	1.0	1.0	4	1.0	1.0	1.0	1.0	1.0	10.0	1.0	1.0	1.0	1.0	0.0	0.0	0.0	0.0	2.0	0.0	1.0	0.0	0.0	0.0	0.0	0.0	0.0	4.0	0.0	0.0	0.0	0.0	0.0	0.0	0.0	0.0	0.0	0.0	0.0	0.0	0.0	0.0	0.0	0.0	0.0	0.0	0.0	0.0	0.0	0.0	0.0	0.0	0.0	0.0	0.0	0.0	0.0	0.0	0.0	0.0	0.0	0.0	0.0	0.0	0.0	0.0	0.0	0.0	0.0	0.0	0.0	0.0	0.0	0.0	0.0	0.0	0.0
O104	3.0	31	1.0	9	2	5	5	5	5	2.0	5	4	3	17	3	4.0	9	3.0	2.0	7	2.0	17	8.0	4	3	4	8	2.0	3	8	1.0	2.0	2.0	1.0	3	6	2.0	17	2.0	5	3	0.0	2.0	2.0	2.0	1.0	1.0	3.0	2.0	0.0	5	0.0	4.0	2.0	3.0	1.0	2.0	3.0	0.0	1.0	1.0	1.0	2.0	2.0	5	1.0	1.0	2.0	4.0	1.0	1.0	1.0	1.0	2.0	2.0	2.0	1.0	1.0	1.0	2	1.0	1.0	1.0	1.0	1.0	3.0	1.0	1.0	1.0	1.0	0.0	0.0	0.0	0.0	2.0	0.0	1.0	0.0	1.0	0.0	0.0	0.0	2.0	0.0	2.0	2.0	0.0	2.0	0.0	0.0	0.0	0.0	0.0	0.0	0.0	0.0	0.0	0.0	0.0	0.0	0.0	0.0	0.0	0.0	0.0	0.0	0.0	0.0	0.0	0.0	0.0	0.0	0.0	0.0	0.0	0.0	0.0	0.0	0.0	0.0	0.0	0.0	0.0	0.0	0.0	0.0	0.0	0.0	0.0	0.0	0.0	0.0	0.0
O105	3.0	33	1.0	9	2	5	4	5	6	2.0	5	4	3	15	3	4.0	7	2.0	2.0	7	2.0	16	8.0	4	3	4	8	2.0	3	8	1.0	2.0	2.0	1.0	3	7	2.0	17	2.0	5	3	2.0	2.0	2.0	2.0	1.0	1.0	3.0	2.0	0.0	5	0.0	4.0	2.0	3.0	1.0	2.0	3.0	0.0	1.0	1.0	1.0	2.0	2.0	5	1.0	1.0	2.0	4.0	1.0	1.0	1.0	1.0	2.0	2.0	2.0	1.0	1.0	1.0	4	1.0	1.0	1.0	1.0	1.0	1.0	1.0	1.0	1.0	1.0	0.0	0.0	0.0	0.0	2.0	0.0	0.0	0.0	1.0	0.0	0.0	0.0	0.0	0.0	2.0	2.0	0.0	0.0	0.0	0.0	0.0	0.0	0.0	0.0	0.0	0.0	0.0	0.0	0.0	0.0	0.0	0.0	0.0	0.0	0.0	0.0	0.0	0.0	0.0	0.0	0.0	0.0	0.0	0.0	0.0	0.0	0.0	0.0	0.0	0.0	0.0	0.0	0.0	0.0	0.0	0.0	0.0	1.0	0.0	0.0	0.0	0.0	0.0
O107	3.0	42	0.0	9	3	5	4	5	4	2.0	5	4	1	19	2	4.0	8	4.0	2.0	7	2.0	14	8.0	4	3	4	8	2.0	2	8	1.0	2.0	2.0	1.0	3	7	0.0	12	0.0	5	3	0.0	0.0	2.0	2.0	1.0	1.0	3.0	2.0	0.0	5	0.0	2.0	2.0	1.0	4.0	2.0	3.0	1.0	2.0	1.0	1.0	2.0	2.0	3	1.0	0.0	2.0	3.0	1.0	1.0	1.0	1.0	0.0	2.0	2.0	1.0	1.0	1.0	2	1.0	0.0	1.0	0.0	1.0	2.0	1.0	1.0	1.0	1.0	1.0	0.0	0.0	0.0	0.0	0.0	0.0	0.0	2.0	0.0	0.0	0.0	0.0	0.0	0.0	0.0	2.0	0.0	0.0	0.0	0.0	0.0	0.0	0.0	0.0	0.0	0.0	0.0	0.0	0.0	0.0	0.0	0.0	0.0	0.0	0.0	0.0	0.0	0.0	0.0	0.0	0.0	0.0	0.0	0.0	0.0	0.0	0.0	0.0	0.0	0.0	0.0	0.0	0.0	0.0	0.0	0.0	0.0	0.0	0.0	0.0	0.0	0.0
O108	3.0	27	1.0	9	2	7	4	5	5	2.0	5	4	3	19	3	4.0	7	5.0	2.0	7	2.0	17	8.0	4	3	4	8	2.0	3	20	1.0	2.0	2.0	1.0	3	6	2.0	14	2.0	5	3	2.0	2.0	2.0	2.0	1.0	1.0	3.0	2.0	0.0	6	0.0	4.0	2.0	2.0	1.0	2.0	3.0	1.0	1.0	1.0	1.0	2.0	2.0	5	1.0	1.0	2.0	4.0	1.0	1.0	1.0	1.0	1.0	3.0	2.0	1.0	1.0	1.0	2	1.0	1.0	1.0	0.0	1.0	2.0	1.0	1.0	1.0	1.0	0.0	0.0	0.0	0.0	0.0	0.0	1.0	0.0	3.0	0.0	0.0	0.0	0.0	2.0	2.0	2.0	0.0	0.0	0.0	0.0	1.0	0.0	0.0	0.0	0.0	0.0	0.0	2.0	0.0	0.0	0.0	0.0	0.0	1.0	0.0	0.0	0.0	0.0	0.0	0.0	0.0	0.0	0.0	0.0	0.0	0.0	0.0	0.0	0.0	0.0	1.0	0.0	0.0	0.0	0.0	0.0	0.0	0.0	0.0	0.0	0.0	0.0	0.0
O109	3.0	37	1.0	9	2	4	6	5	5	2.0	5	4	3	16	2	4.0	7	2.0	2.0	7	2.0	22	8.0	4	3	4	8	2.0	3	8	2.0	2.0	2.0	1.0	3	5	2.0	17	2.0	5	3	2.0	2.0	2.0	2.0	0.0	0.0	3.0	2.0	0.0	5	0.0	2.0	2.0	3.0	4.0	2.0	3.0	1.0	2.0	1.0	2.0	2.0	2.0	1	1.0	1.0	3.0	4.0	1.0	1.0	1.0	1.0	2.0	2.0	2.0	1.0	1.0	1.0	3	1.0	1.0	1.0	2.0	1.0	1.0	1.0	1.0	1.0	1.0	0.0	0.0	0.0	2.0	0.0	0.0	0.0	0.0	0.0	0.0	0.0	0.0	0.0	1.0	0.0	0.0	0.0	6.0	0.0	0.0	0.0	0.0	0.0	0.0	0.0	0.0	2.0	3.0	2.0	1.0	0.0	0.0	0.0	0.0	0.0	0.0	0.0	0.0	0.0	0.0	0.0	0.0	0.0	0.0	0.0	0.0	0.0	0.0	0.0	0.0	0.0	0.0	0.0	0.0	0.0	0.0	0.0	0.0	0.0	0.0	0.0	0.0	0.0
O11	3.0	37	1.0	9	2	7	6	5	3	2.0	5	4	3	18	3	4.0	7	3.0	2.0	7	2.0	18	8.0	4	3	4	8	2.0	3	11	1.0	2.0	2.0	1.0	3	4	2.0	14	2.0	5	3	4.0	2.0	2.0	2.0	1.0	3.0	3.0	2.0	1.0	2	0.0	2.0	2.0	3.0	4.0	2.0	0.0	0.0	1.0	1.0	1.0	2.0	2.0	1	1.0	1.0	5.0	4.0	1.0	1.0	1.0	1.0	2.0	2.0	2.0	1.0	1.0	1.0	2	1.0	1.0	1.0	0.0	1.0	2.0	1.0	1.0	1.0	1.0	0.0	0.0	0.0	0.0	6.0	0.0	0.0	0.0	2.0	0.0	0.0	0.0	0.0	0.0	0.0	0.0	0.0	0.0	0.0	0.0	1.0	2.0	0.0	0.0	0.0	0.0	0.0	2.0	0.0	0.0	0.0	0.0	0.0	0.0	0.0	0.0	0.0	0.0	0.0	0.0	0.0	0.0	0.0	1.0	1.0	0.0	0.0	0.0	0.0	0.0	0.0	0.0	0.0	0.0	0.0	0.0	0.0	0.0	0.0	0.0	0.0	0.0	0.0
O110	3.0	29	1.0	9	2	5	6	5	4	2.0	5	4	3	23	3	4.0	7	2.0	2.0	7	2.0	16	8.0	4	3	4	8	2.0	3	9	0.0	2.0	2.0	1.0	3	5	2.0	11	2.0	5	3	2.0	2.0	2.0	2.0	1.0	2.0	3.0	2.0	1.0	5	0.0	2.0	2.0	3.0	1.0	2.0	3.0	1.0	2.0	2.0	1.0	2.0	2.0	3	1.0	1.0	2.0	4.0	1.0	1.0	1.0	1.0	1.0	2.0	2.0	1.0	1.0	1.0	2	1.0	1.0	1.0	1.0	1.0	2.0	1.0	1.0	1.0	1.0	0.0	1.0	1.0	0.0	0.0	0.0	0.0	0.0	0.0	0.0	0.0	0.0	0.0	0.0	0.0	0.0	2.0	0.0	0.0	0.0	0.0	0.0	0.0	0.0	0.0	0.0	0.0	0.0	0.0	0.0	0.0	0.0	0.0	0.0	0.0	0.0	0.0	0.0	0.0	0.0	0.0	0.0	0.0	0.0	0.0	0.0	0.0	0.0	0.0	0.0	0.0	0.0	0.0	0.0	0.0	0.0	0.0	0.0	0.0	0.0	0.0	0.0	0.0
O111	3.0	31	1.0	9	2	5	4	5	4	2.0	5	4	3	15	3	4.0	6	3.0	2.0	7	2.0	21	8.0	4	3	4	5	2.0	3	20	1.0	2.0	2.0	1.0	3	7	2.0	17	2.0	5	3	0.0	0.0	2.0	2.0	1.0	1.0	3.0	2.0	0.0	5	0.0	2.0	2.0	3.0	1.0	2.0	3.0	0.0	1.0	1.0	1.0	2.0	2.0	1	1.0	1.0	1.0	4.0	1.0	1.0	1.0	1.0	2.0	3.0	2.0	1.0	1.0	1.0	3	1.0	1.0	1.0	1.0	1.0	7.0	1.0	1.0	1.0	1.0	0.0	0.0	0.0	0.0	2.0	0.0	1.0	0.0	2.0	0.0	0.0	0.0	0.0	0.0	0.0	0.0	0.0	0.0	0.0	0.0	1.0	0.0	0.0	0.0	0.0	0.0	0.0	0.0	0.0	0.0	0.0	0.0	0.0	0.0	0.0	0.0	0.0	0.0	0.0	0.0	0.0	0.0	0.0	0.0	0.0	2.0	0.0	0.0	0.0	0.0	0.0	0.0	0.0	0.0	0.0	0.0	0.0	0.0	0.0	0.0	0.0	0.0	0.0
O112ab	4.0	33	1.0	9	2	5	6	5	6	2.0	5	4	3	15	3	4.0	7	3.0	2.0	7	2.0	18	8.0	4	3	4	8	2.0	3	13	1.0	2.0	2.0	1.0	3	6	2.0	15	2.0	5	1	4.0	0.0	2.0	2.0	1.0	1.0	3.0	2.0	0.0	5	2.0	4.0	2.0	3.0	1.0	2.0	3.0	0.0	1.0	1.0	1.0	2.0	2.0	5	1.0	1.0	2.0	4.0	1.0	1.0	1.0	1.0	1.0	2.0	2.0	1.0	1.0	1.0	6	1.0	2.0	1.0	0.0	1.0	2.0	1.0	1.0	1.0	1.0	0.0	0.0	0.0	0.0	0.0	0.0	1.0	0.0	3.0	0.0	0.0	0.0	0.0	0.0	2.0	2.0	0.0	0.0	0.0	0.0	0.0	0.0	0.0	2.0	1.0	2.0	0.0	0.0	0.0	0.0	0.0	0.0	0.0	0.0	0.0	0.0	0.0	0.0	0.0	0.0	0.0	0.0	0.0	0.0	0.0	0.0	0.0	0.0	0.0	0.0	0.0	0.0	0.0	0.0	0.0	0.0	0.0	0.0	0.0	0.0	0.0	0.0	0.0
O113	3.0	35	1.0	9	2	5	6	5	4	2.0	5	4	3	18	3	4.0	7	2.0	2.0	7	2.0	19	8.0	4	3	4	8	2.0	3	11	1.0	2.0	2.0	1.0	3	6	2.0	17	2.0	5	3	6.0	2.0	2.0	2.0	1.0	1.0	3.0	2.0	0.0	5	0.0	2.0	2.0	3.0	1.0	2.0	3.0	0.0	1.0	1.0	1.0	2.0	2.0	3	1.0	1.0	2.0	4.0	1.0	1.0	1.0	1.0	2.0	2.0	2.0	1.0	1.0	1.0	2	1.0	1.0	1.0	1.0	1.0	3.0	1.0	1.0	1.0	1.0	0.0	0.0	0.0	0.0	2.0	0.0	1.0	0.0	2.0	0.0	0.0	0.0	0.0	0.0	0.0	0.0	0.0	0.0	0.0	0.0	0.0	0.0	0.0	0.0	0.0	0.0	0.0	0.0	0.0	0.0	0.0	0.0	0.0	0.0	0.0	0.0	0.0	0.0	0.0	0.0	0.0	0.0	0.0	0.0	0.0	0.0	0.0	0.0	0.0	0.0	0.0	0.0	0.0	0.0	0.0	0.0	0.0	0.0	0.0	0.0	0.0	0.0	0.0
O114	3.0	34	1.0	9	2	5	6	5	4	2.0	5	4	3	13	3	4.0	6	2.0	2.0	7	2.0	16	8.0	4	3	4	8	2.0	3	6	1.0	2.0	2.0	1.0	3	7	2.0	15	2.0	5	3	4.0	2.0	2.0	2.0	1.0	2.0	3.0	2.0	1.0	2	0.0	2.0	2.0	1.0	1.0	2.0	0.0	0.0	1.0	1.0	1.0	2.0	3.0	3	1.0	1.0	2.0	4.0	1.0	1.0	1.0	1.0	1.0	2.0	2.0	1.0	1.0	1.0	2	1.0	1.0	1.0	1.0	1.0	1.0	1.0	1.0	1.0	1.0	0.0	0.0	0.0	0.0	2.0	0.0	1.0	0.0	2.0	0.0	0.0	0.0	0.0	0.0	0.0	0.0	0.0	0.0	0.0	0.0	0.0	0.0	0.0	0.0	0.0	0.0	0.0	0.0	0.0	0.0	0.0	0.0	0.0	0.0	0.0	0.0	0.0	0.0	0.0	0.0	0.0	0.0	0.0	0.0	0.0	0.0	0.0	0.0	0.0	0.0	0.0	0.0	0.0	0.0	0.0	0.0	0.0	0.0	0.0	0.0	0.0	0.0	0.0
O115	4.0	33	1.0	9	2	7	7	5	5	2.0	5	4	3	23	3	4.0	6	2.0	2.0	7	2.0	19	8.0	4	3	4	8	2.0	3	13	1.0	2.0	2.0	1.0	3	6	2.0	14	2.0	5	3	2.0	2.0	2.0	2.0	1.0	3.0	3.0	2.0	1.0	5	0.0	2.0	2.0	3.0	1.0	2.0	3.0	0.0	1.0	1.0	1.0	2.0	2.0	1	1.0	1.0	5.0	4.0	1.0	1.0	1.0	1.0	1.0	2.0	2.0	1.0	1.0	1.0	3	1.0	1.0	1.0	1.0	1.0	1.0	1.0	1.0	1.0	1.0	0.0	0.0	0.0	0.0	10.0	0.0	1.0	0.0	2.0	2.0	1.0	0.0	0.0	0.0	0.0	0.0	2.0	0.0	0.0	0.0	1.0	2.0	0.0	0.0	0.0	0.0	0.0	0.0	0.0	0.0	0.0	0.0	0.0	0.0	0.0	0.0	0.0	0.0	0.0	0.0	0.0	0.0	0.0	0.0	0.0	0.0	0.0	0.0	0.0	0.0	0.0	0.0	0.0	0.0	0.0	0.0	0.0	0.0	0.0	0.0	0.0	0.0	0.0
O117	3.0	35	1.0	9	2	5	4	5	5	2.0	5	4	3	17	3	4.0	7	4.0	2.0	7	2.0	17	7.0	4	3	4	8	2.0	3	27	1.0	2.0	2.0	1.0	3	7	2.0	17	2.0	5	3	0.0	0.0	2.0	2.0	1.0	2.0	3.0	2.0	1.0	3	0.0	3.0	2.0	3.0	1.0	2.0	0.0	0.0	1.0	2.0	1.0	2.0	2.0	3	1.0	1.0	2.0	4.0	1.0	1.0	1.0	1.0	1.0	2.0	2.0	1.0	1.0	1.0	4	1.0	1.0	1.0	1.0	1.0	10.0	1.0	1.0	1.0	1.0	0.0	0.0	0.0	0.0	2.0	0.0	0.0	0.0	0.0	0.0	0.0	0.0	0.0	2.0	2.0	0.0	0.0	0.0	0.0	0.0	0.0	0.0	0.0	0.0	0.0	0.0	0.0	2.0	0.0	0.0	0.0	0.0	0.0	0.0	0.0	0.0	0.0	0.0	0.0	0.0	0.0	0.0	0.0	0.0	1.0	0.0	0.0	0.0	0.0	0.0	0.0	0.0	0.0	0.0	0.0	0.0	0.0	0.0	0.0	0.0	0.0	0.0	0.0
O118	3.0	28	1.0	8	2	5	4	3	4	2.0	3	2	3	22	3	4.0	7	5.0	0.0	6	2.0	16	7.0	4	3	4	8	2.0	3	28	1.0	2.0	2.0	1.0	3	6	2.0	15	2.0	5	3	2.0	0.0	2.0	2.0	1.0	2.0	3.0	2.0	1.0	3	1.0	4.0	2.0	3.0	1.0	0.0	0.0	0.0	1.0	1.0	1.0	2.0	2.0	5	1.0	1.0	2.0	4.0	1.0	1.0	1.0	1.0	1.0	2.0	2.0	1.0	1.0	1.0	4	1.0	1.0	1.0	0.0	0.0	11.0	1.0	1.0	1.0	1.0	1.0	0.0	0.0	0.0	2.0	0.0	1.0	0.0	1.0	0.0	0.0	0.0	0.0	2.0	2.0	2.0	0.0	0.0	0.0	0.0	0.0	0.0	0.0	0.0	0.0	0.0	0.0	0.0	0.0	0.0	0.0	0.0	0.0	0.0	0.0	0.0	0.0	0.0	0.0	0.0	0.0	0.0	0.0	0.0	0.0	0.0	0.0	0.0	0.0	0.0	0.0	0.0	0.0	0.0	0.0	0.0	0.0	0.0	0.0	0.0	0.0	0.0	0.0
O119	3.0	31	1.0	9	2	4	6	5	4	2.0	5	4	3	18	3	4.0	6	3.0	2.0	7	2.0	21	8.0	4	3	4	8	2.0	3	15	1.0	2.0	2.0	1.0	3	5	0.0	14	2.0	5	3	4.0	2.0	2.0	2.0	1.0	1.0	3.0	2.0	0.0	2	2.0	2.0	2.0	3.0	1.0	2.0	0.0	1.0	2.0	1.0	1.0	2.0	2.0	1	1.0	1.0	2.0	4.0	1.0	1.0	1.0	1.0	2.0	2.0	2.0	1.0	1.0	1.0	2	1.0	1.0	1.0	0.0	0.0	3.0	1.0	1.0	1.0	1.0	1.0	0.0	0.0	0.0	2.0	0.0	0.0	0.0	2.0	0.0	0.0	0.0	0.0	0.0	0.0	0.0	0.0	0.0	0.0	0.0	0.0	0.0	0.0	2.0	1.0	2.0	0.0	0.0	0.0	0.0	0.0	0.0	0.0	0.0	0.0	0.0	0.0	0.0	0.0	0.0	0.0	0.0	0.0	0.0	0.0	0.0	0.0	0.0	0.0	0.0	0.0	0.0	0.0	0.0	0.0	0.0	0.0	0.0	0.0	0.0	0.0	0.0	0.0
O12	3.0	35	1.0	9	2	7	7	5	4	2.0	5	4	3	17	2	4.0	6	3.0	2.0	7	2.0	23	8.0	4	3	4	8	2.0	3	15	1.0	2.0	2.0	1.0	3	7	2.0	13	2.0	5	3	0.0	2.0	2.0	2.0	1.0	1.0	3.0	2.0	0.0	5	1.0	2.0	2.0	1.0	1.0	2.0	3.0	0.0	1.0	2.0	1.0	2.0	2.0	1	1.0	1.0	2.0	4.0	1.0	1.0	1.0	1.0	1.0	2.0	2.0	1.0	1.0	1.0	4	1.0	1.0	1.0	3.0	1.0	2.0	1.0	1.0	1.0	1.0	0.0	0.0	0.0	0.0	2.0	0.0	1.0	0.0	2.0	0.0	0.0	0.0	0.0	0.0	0.0	0.0	0.0	0.0	0.0	0.0	1.0	1.0	0.0	0.0	0.0	0.0	0.0	1.0	0.0	0.0	0.0	0.0	0.0	0.0	0.0	0.0	0.0	0.0	0.0	0.0	0.0	0.0	0.0	0.0	0.0	0.0	0.0	0.0	0.0	0.0	0.0	0.0	0.0	0.0	0.0	0.0	0.0	0.0	0.0	0.0	0.0	0.0	0.0
O120	3.0	34	1.0	9	2	4	4	5	5	2.0	5	4	3	17	3	4.0	10	2.0	2.0	7	2.0	19	8.0	4	3	4	8	2.0	3	9	2.0	2.0	2.0	1.0	3	6	2.0	11	2.0	5	3	0.0	2.0	2.0	2.0	1.0	3.0	3.0	2.0	1.0	5	0.0	2.0	2.0	3.0	4.0	2.0	3.0	1.0	2.0	1.0	2.0	2.0	2.0	3	1.0	1.0	2.0	4.0	1.0	1.0	1.0	1.0	1.0	2.0	2.0	1.0	1.0	1.0	4	1.0	1.0	1.0	2.0	1.0	2.0	1.0	1.0	1.0	1.0	0.0	0.0	0.0	0.0	4.0	0.0	0.0	0.0	0.0	0.0	0.0	0.0	0.0	0.0	0.0	0.0	2.0	0.0	0.0	0.0	0.0	0.0	0.0	0.0	0.0	0.0	2.0	1.0	2.0	1.0	8.0	0.0	0.0	0.0	0.0	0.0	0.0	0.0	0.0	0.0	0.0	0.0	0.0	1.0	0.0	2.0	0.0	0.0	0.0	0.0	0.0	0.0	0.0	0.0	0.0	0.0	0.0	1.0	0.0	0.0	0.0	0.0	0.0
O121	3.0	34	1.0	9	2	5	6	5	4	2.0	5	4	3	20	3	4.0	6	2.0	2.0	7	2.0	16	8.0	4	3	4	8	2.0	3	30	1.0	2.0	2.0	1.0	3	7	2.0	15	2.0	5	3	0.0	2.0	2.0	2.0	1.0	1.0	3.0	2.0	0.0	3	0.0	2.0	2.0	3.0	1.0	2.0	0.0	0.0	1.0	1.0	1.0	2.0	2.0	3	1.0	1.0	2.0	4.0	1.0	1.0	1.0	1.0	1.0	2.0	2.0	1.0	1.0	1.0	2	1.0	1.0	1.0	1.0	1.0	9.0	1.0	1.0	1.0	1.0	0.0	0.0	0.0	0.0	0.0	0.0	0.0	0.0	0.0	0.0	0.0	0.0	0.0	4.0	0.0	0.0	0.0	0.0	0.0	0.0	1.0	1.0	0.0	0.0	0.0	0.0	0.0	0.0	0.0	0.0	0.0	0.0	0.0	0.0	0.0	0.0	0.0	0.0	0.0	0.0	0.0	0.0	0.0	0.0	0.0	0.0	0.0	0.0	0.0	0.0	0.0	0.0	0.0	0.0	0.0	0.0	0.0	0.0	0.0	0.0	0.0	0.0	0.0
O123	3.0	34	1.0	9	2	5	4	5	4	2.0	5	4	3	22	3	4.0	7	4.0	2.0	7	2.0	24	8.0	4	3	4	8	2.0	3	20	1.0	2.0	2.0	1.0	3	4	2.0	15	2.0	5	3	0.0	0.0	2.0	2.0	1.0	2.0	3.0	2.0	1.0	3	1.0	4.0	2.0	3.0	1.0	0.0	0.0	0.0	1.0	2.0	1.0	2.0	2.0	5	1.0	1.0	2.0	4.0	1.0	1.0	1.0	1.0	1.0	2.0	2.0	1.0	1.0	1.0	4	1.0	1.0	1.0	1.0	1.0	4.0	1.0	1.0	1.0	1.0	0.0	0.0	0.0	0.0	2.0	0.0	1.0	0.0	0.0	0.0	0.0	0.0	0.0	4.0	2.0	2.0	0.0	0.0	0.0	0.0	0.0	0.0	0.0	0.0	0.0	0.0	0.0	0.0	0.0	0.0	0.0	0.0	0.0	0.0	0.0	0.0	0.0	0.0	0.0	0.0	0.0	0.0	0.0	0.0	0.0	0.0	0.0	0.0	0.0	0.0	0.0	0.0	0.0	0.0	0.0	0.0	0.0	0.0	0.0	0.0	0.0	0.0	0.0
O124	3.0	38	1.0	9	2	6	6	5	3	2.0	5	4	3	16	2	4.0	6	2.0	2.0	7	2.0	21	8.0	4	3	4	8	2.0	3	11	1.0	2.0	2.0	1.0	3	7	2.0	13	2.0	5	3	2.0	2.0	2.0	2.0	1.0	2.0	3.0	0.0	1.0	6	1.0	2.0	2.0	1.0	0.0	2.0	3.0	1.0	2.0	1.0	1.0	2.0	2.0	3	1.0	1.0	1.0	4.0	1.0	1.0	1.0	1.0	1.0	2.0	2.0	1.0	1.0	1.0	2	1.0	1.0	1.0	1.0	1.0	1.0	1.0	1.0	1.0	1.0	1.0	0.0	0.0	0.0	0.0	0.0	0.0	0.0	0.0	0.0	0.0	0.0	0.0	0.0	0.0	0.0	0.0	2.0	0.0	0.0	0.0	0.0	2.0	0.0	0.0	0.0	0.0	0.0	0.0	0.0	0.0	0.0	0.0	0.0	0.0	0.0	0.0	0.0	0.0	0.0	0.0	0.0	0.0	0.0	0.0	0.0	0.0	0.0	0.0	0.0	0.0	0.0	0.0	0.0	0.0	0.0	0.0	0.0	0.0	0.0	0.0	0.0	0.0
O126	3.0	32	1.0	9	2	5	6	5	4	2.0	5	4	3	16	3	4.0	6	2.0	2.0	7	2.0	23	8.0	4	3	4	8	2.0	3	13	1.0	2.0	2.0	1.0	3	6	2.0	15	2.0	5	3	2.0	2.0	2.0	2.0	1.0	2.0	3.0	0.0	1.0	2	0.0	2.0	2.0	3.0	1.0	2.0	0.0	0.0	1.0	1.0	1.0	2.0	2.0	3	1.0	1.0	2.0	4.0	1.0	1.0	1.0	1.0	2.0	2.0	2.0	1.0	1.0	1.0	2	1.0	1.0	1.0	1.0	1.0	1.0	1.0	1.0	1.0	1.0	0.0	0.0	0.0	0.0	2.0	2.0	1.0	0.0	2.0	0.0	0.0	0.0	0.0	0.0	0.0	0.0	0.0	0.0	1.0	0.0	0.0	0.0	0.0	0.0	0.0	0.0	0.0	0.0	0.0	0.0	0.0	0.0	0.0	0.0	0.0	0.0	0.0	0.0	0.0	0.0	0.0	0.0	0.0	0.0	0.0	0.0	0.0	0.0	0.0	1.0	0.0	0.0	0.0	0.0	0.0	0.0	0.0	0.0	0.0	0.0	0.0	0.0	0.0
O127	3.0	29	1.0	9	2	4	4	5	4	2.0	5	4	3	15	3	4.0	7	5.0	2.0	7	2.0	22	8.0	4	3	4	8	2.0	3	14	1.0	2.0	2.0	1.0	3	4	2.0	11	2.0	5	3	2.0	2.0	2.0	2.0	1.0	1.0	3.0	2.0	0.0	2	0.0	2.0	2.0	1.0	1.0	2.0	0.0	0.0	1.0	1.0	2.0	2.0	2.0	1	1.0	0.0	2.0	4.0	1.0	1.0	1.0	1.0	2.0	2.0	2.0	1.0	1.0	1.0	2	1.0	1.0	1.0	0.0	1.0	5.0	1.0	1.0	1.0	1.0	0.0	0.0	0.0	2.0	6.0	2.0	0.0	0.0	0.0	0.0	0.0	0.0	0.0	4.0	0.0	0.0	2.0	2.0	0.0	0.0	0.0	0.0	0.0	0.0	0.0	0.0	2.0	2.0	0.0	0.0	0.0	0.0	0.0	0.0	0.0	0.0	0.0	0.0	0.0	0.0	0.0	0.0	0.0	0.0	1.0	0.0	0.0	0.0	0.0	0.0	0.0	0.0	0.0	0.0	0.0	0.0	0.0	0.0	0.0	0.0	0.0	0.0	0.0
O128ab	4.0	33	1.0	9	2	5	4	5	6	2.0	5	4	1	20	3	4.0	7	3.0	2.0	7	2.0	21	8.0	4	3	4	8	2.0	3	17	1.0	2.0	2.0	1.0	3	6	2.0	17	2.0	5	1	0.0	2.0	2.0	2.0	1.0	1.0	3.0	2.0	0.0	5	0.0	2.0	2.0	3.0	1.0	2.0	3.0	0.0	1.0	1.0	1.0	2.0	2.0	3	1.0	1.0	2.0	4.0	1.0	1.0	1.0	1.0	2.0	2.0	3.0	1.0	1.0	1.0	6	1.0	1.0	1.0	2.0	1.0	6.0	1.0	1.0	1.0	1.0	0.0	0.0	0.0	2.0	2.0	2.0	0.0	0.0	2.0	0.0	0.0	0.0	0.0	0.0	0.0	0.0	0.0	0.0	0.0	0.0	0.0	0.0	0.0	0.0	0.0	0.0	0.0	0.0	0.0	0.0	0.0	0.0	0.0	0.0	0.0	0.0	0.0	0.0	0.0	0.0	0.0	0.0	0.0	0.0	0.0	0.0	0.0	0.0	0.0	0.0	0.0	0.0	0.0	0.0	0.0	0.0	0.0	0.0	0.0	0.0	0.0	0.0	0.0
O128ac	3.0	34	0.0	9	3	7	6	5	4	2.0	5	4	3	17	2	4.0	6	3.0	2.0	7	2.0	19	9.0	4	3	4	8	2.0	3	5	1.0	2.0	2.0	1.0	3	5	2.0	12	2.0	7	3	2.0	2.0	2.0	2.0	1.0	2.0	3.0	2.0	1.0	2	0.0	2.0	2.0	3.0	1.0	2.0	0.0	1.0	2.0	1.0	1.0	2.0	2.0	5	1.0	1.0	2.0	4.0	1.0	1.0	1.0	1.0	0.0	2.0	2.0	1.0	1.0	1.0	2	1.0	1.0	1.0	0.0	1.0	1.0	1.0	1.0	1.0	1.0	0.0	0.0	0.0	0.0	6.0	2.0	0.0	0.0	3.0	0.0	0.0	0.0	0.0	0.0	0.0	2.0	0.0	0.0	0.0	0.0	0.0	0.0	0.0	0.0	0.0	0.0	0.0	0.0	0.0	0.0	0.0	0.0	0.0	0.0	0.0	0.0	0.0	0.0	0.0	0.0	0.0	0.0	0.0	0.0	0.0	0.0	0.0	0.0	0.0	0.0	0.0	0.0	0.0	0.0	0.0	0.0	0.0	0.0	0.0	0.0	0.0	0.0	0.0
O129	3.0	43	1.0	9	2	3	6	5	4	2.0	5	4	3	18	3	4.0	7	8.0	2.0	7	2.0	17	8.0	4	3	4	8	2.0	3	4	0.0	2.0	2.0	1.0	3	4	2.0	12	2.0	5	3	0.0	2.0	2.0	2.0	1.0	1.0	3.0	2.0	0.0	3	0.0	2.0	2.0	3.0	4.0	2.0	1.0	1.0	2.0	1.0	1.0	2.0	2.0	3	1.0	1.0	2.0	4.0	1.0	1.0	1.0	1.0	1.0	2.0	2.0	1.0	1.0	1.0	2	1.0	1.0	1.0	0.0	1.0	2.0	1.0	1.0	1.0	1.0	1.0	1.0	1.0	0.0	0.0	0.0	0.0	0.0	0.0	0.0	0.0	0.0	0.0	0.0	0.0	0.0	0.0	0.0	0.0	0.0	0.0	0.0	0.0	0.0	0.0	0.0	0.0	0.0	0.0	0.0	0.0	0.0	0.0	0.0	0.0	0.0	0.0	0.0	0.0	0.0	0.0	0.0	0.0	0.0	0.0	0.0	0.0	0.0	0.0	0.0	0.0	0.0	0.0	0.0	0.0	0.0	0.0	0.0	0.0	0.0	0.0	0.0	0.0
O13	3.0	37	0.0	9	2	5	6	5	4	2.0	5	4	3	17	3	4.0	7	3.0	2.0	7	2.0	16	8.0	4	3	4	8	2.0	3	8	1.0	2.0	2.0	1.0	3	4	2.0	14	2.0	5	3	2.0	2.0	2.0	2.0	1.0	1.0	3.0	2.0	0.0	5	0.0	2.0	2.0	3.0	0.0	2.0	3.0	1.0	2.0	1.0	1.0	2.0	2.0	3	1.0	1.0	2.0	4.0	1.0	1.0	1.0	1.0	1.0	2.0	2.0	1.0	1.0	1.0	2	1.0	1.0	1.0	0.0	1.0	2.0	1.0	1.0	1.0	1.0	1.0	1.0	1.0	0.0	0.0	0.0	0.0	0.0	0.0	0.0	0.0	0.0	0.0	0.0	0.0	0.0	2.0	2.0	0.0	0.0	0.0	0.0	0.0	0.0	0.0	0.0	0.0	0.0	0.0	0.0	0.0	0.0	0.0	0.0	0.0	0.0	0.0	0.0	0.0	0.0	0.0	0.0	0.0	0.0	0.0	0.0	0.0	0.0	1.0	0.0	0.0	0.0	0.0	0.0	0.0	0.0	0.0	0.0	0.0	0.0	0.0	0.0	0.0
O130	3.0	33	1.0	9	2	5	6	5	5	2.0	5	4	3	15	3	4.0	6	3.0	2.0	7	2.0	17	8.0	4	3	4	8	2.0	3	14	1.0	2.0	2.0	1.0	3	7	2.0	17	2.0	5	3	0.0	2.0	2.0	2.0	1.0	1.0	3.0	2.0	0.0	5	2.0	4.0	2.0	3.0	1.0	2.0	3.0	0.0	1.0	1.0	1.0	2.0	2.0	5	1.0	1.0	2.0	4.0	1.0	1.0	1.0	1.0	2.0	2.0	2.0	1.0	1.0	1.0	2	1.0	1.0	1.0	1.0	0.0	3.0	1.0	1.0	1.0	1.0	0.0	0.0	0.0	0.0	2.0	0.0	1.0	0.0	1.0	0.0	0.0	0.0	0.0	0.0	2.0	2.0	0.0	0.0	0.0	0.0	0.0	0.0	0.0	0.0	0.0	0.0	0.0	0.0	0.0	0.0	0.0	0.0	0.0	0.0	0.0	0.0	0.0	0.0	0.0	0.0	0.0	0.0	0.0	0.0	0.0	0.0	0.0	0.0	0.0	0.0	0.0	0.0	0.0	0.0	0.0	0.0	0.0	0.0	0.0	0.0	0.0	0.0	0.0
O131	3.0	27	1.0	7	2	7	6	3	5	2.0	5	4	1	17	3	2.0	6	3.0	2.0	7	2.0	21	6.0	4	3	4	8	0.0	3	11	1.0	2.0	2.0	1.0	3	7	2.0	14	2.0	4	3	2.0	2.0	2.0	2.0	1.0	3.0	3.0	2.0	1.0	2	0.0	2.0	2.0	3.0	1.0	2.0	0.0	0.0	1.0	2.0	1.0	2.0	2.0	1	1.0	1.0	2.0	4.0	1.0	1.0	1.0	1.0	1.0	2.0	2.0	1.0	1.0	1.0	6	1.0	1.0	1.0	0.0	1.0	2.0	1.0	1.0	0.0	0.0	0.0	0.0	0.0	0.0	6.0	0.0	1.0	0.0	2.0	2.0	1.0	0.0	0.0	1.0	0.0	0.0	2.0	0.0	0.0	0.0	1.0	1.0	0.0	0.0	0.0	0.0	0.0	0.0	0.0	0.0	0.0	2.0	0.0	0.0	0.0	0.0	0.0	0.0	0.0	0.0	0.0	0.0	0.0	0.0	0.0	0.0	0.0	0.0	0.0	0.0	0.0	0.0	0.0	2.0	0.0	0.0	0.0	0.0	0.0	0.0	0.0	0.0	0.0
O132	3.0	32	0.0	9	3	5	4	5	4	2.0	5	4	3	16	2	2.0	9	2.0	2.0	7	2.0	19	9.0	4	3	4	8	2.0	2	4	1.0	2.0	2.0	1.0	3	5	2.0	11	2.0	5	3	6.0	2.0	2.0	2.0	1.0	1.0	3.0	2.0	0.0	5	0.0	2.0	2.0	3.0	1.0	2.0	3.0	1.0	2.0	1.0	1.0	2.0	2.0	3	1.0	1.0	5.0	4.0	1.0	1.0	1.0	1.0	1.0	2.0	2.0	1.0	1.0	1.0	2	1.0	1.0	1.0	0.0	1.0	1.0	1.0	1.0	1.0	1.0	0.0	1.0	1.0	2.0	2.0	0.0	0.0	0.0	0.0	0.0	0.0	0.0	0.0	0.0	0.0	0.0	2.0	0.0	0.0	0.0	0.0	0.0	0.0	0.0	0.0	0.0	0.0	1.0	0.0	1.0	0.0	0.0	0.0	0.0	0.0	0.0	0.0	0.0	1.0	0.0	0.0	0.0	0.0	0.0	0.0	0.0	0.0	0.0	0.0	0.0	0.0	0.0	0.0	0.0	0.0	0.0	0.0	0.0	0.0	0.0	0.0	0.0	0.0
O133	0.0	26	1.0	7	2	5	5	1	4	2.0	3	3	3	12	3	0.0	5	2.0	2.0	7	0.0	16	7.0	3	2	2	5	2.0	3	4	0.0	0.0	2.0	1.0	1	4	2.0	8	0.0	4	3	0.0	2.0	2.0	2.0	0.0	0.0	0.0	2.0	0.0	4	0.0	0.0	0.0	3.0	1.0	2.0	2.0	0.0	0.0	1.0	1.0	2.0	2.0	1	0.0	1.0	1.0	3.0	1.0	1.0	1.0	1.0	1.0	1.0	2.0	0.0	1.0	1.0	2	0.0	1.0	0.0	0.0	1.0	2.0	1.0	1.0	1.0	1.0	0.0	0.0	0.0	0.0	2.0	0.0	1.0	0.0	2.0	0.0	0.0	0.0	0.0	0.0	0.0	0.0	0.0	0.0	0.0	0.0	1.0	1.0	0.0	0.0	0.0	0.0	0.0	0.0	0.0	0.0	0.0	0.0	0.0	0.0	0.0	0.0	0.0	0.0	0.0	0.0	0.0	0.0	0.0	0.0	0.0	0.0	0.0	0.0	0.0	0.0	0.0	0.0	0.0	0.0	0.0	0.0	0.0	0.0	0.0	0.0	0.0	0.0	0.0
O134	3.0	32	0.0	9	3	5	4	5	4	2.0	5	4	3	16	2	4.0	6	1.0	2.0	7	2.0	13	8.0	3	3	4	8	2.0	3	5	1.0	2.0	2.0	1.0	3	6	2.0	11	2.0	5	3	2.0	0.0	2.0	0.0	1.0	1.0	3.0	0.0	0.0	5	0.0	2.0	2.0	1.0	0.0	2.0	3.0	1.0	2.0	1.0	1.0	2.0	2.0	3	1.0	1.0	1.0	4.0	1.0	1.0	1.0	1.0	0.0	2.0	2.0	1.0	1.0	1.0	2	1.0	1.0	1.0	0.0	1.0	1.0	1.0	1.0	1.0	0.0	0.0	0.0	0.0	0.0	4.0	0.0	0.0	0.0	0.0	0.0	0.0	0.0	0.0	0.0	0.0	0.0	0.0	0.0	0.0	0.0	0.0	0.0	0.0	0.0	0.0	0.0	0.0	0.0	0.0	0.0	0.0	0.0	0.0	0.0	0.0	0.0	0.0	0.0	0.0	0.0	0.0	0.0	0.0	0.0	0.0	0.0	0.0	0.0	0.0	0.0	0.0	0.0	0.0	2.0	0.0	0.0	0.0	0.0	0.0	0.0	0.0	0.0	0.0
O135	3.0	35	1.0	9	2	8	4	5	4	2.0	5	4	3	15	3	2.0	6	2.0	2.0	7	2.0	14	8.0	4	3	4	5	2.0	3	5	1.0	2.0	2.0	1.0	3	7	2.0	14	2.0	5	3	0.0	0.0	2.0	2.0	1.0	2.0	3.0	2.0	1.0	5	0.0	2.0	2.0	3.0	1.0	2.0	3.0	1.0	2.0	1.0	1.0	2.0	2.0	3	1.0	1.0	2.0	4.0	1.0	1.0	1.0	1.0	0.0	2.0	2.0	1.0	1.0	1.0	3	1.0	1.0	1.0	1.0	1.0	1.0	1.0	1.0	1.0	1.0	0.0	0.0	0.0	0.0	0.0	0.0	0.0	0.0	0.0	0.0	0.0	0.0	0.0	0.0	0.0	0.0	0.0	0.0	0.0	0.0	0.0	0.0	0.0	0.0	0.0	0.0	0.0	0.0	0.0	0.0	0.0	0.0	0.0	0.0	0.0	0.0	0.0	0.0	0.0	0.0	0.0	0.0	0.0	0.0	0.0	0.0	0.0	0.0	0.0	0.0	0.0	0.0	0.0	0.0	0.0	0.0	0.0	0.0	0.0	0.0	0.0	0.0	0.0
O136	3.0	27	1.0	9	2	5	6	5	4	2.0	5	4	3	11	3	2.0	6	3.0	2.0	7	2.0	17	8.0	4	3	4	7	4.0	3	12	1.0	2.0	2.0	1.0	3	7	2.0	13	2.0	5	3	4.0	2.0	2.0	2.0	1.0	2.0	3.0	2.0	1.0	3	1.0	2.0	2.0	3.0	0.0	2.0	0.0	0.0	1.0	1.0	1.0	2.0	2.0	1	1.0	1.0	2.0	4.0	1.0	1.0	1.0	1.0	2.0	2.0	2.0	1.0	1.0	1.0	1	1.0	1.0	1.0	2.0	1.0	2.0	1.0	1.0	1.0	1.0	1.0	0.0	0.0	0.0	0.0	0.0	0.0	0.0	0.0	0.0	0.0	0.0	0.0	0.0	0.0	0.0	0.0	2.0	0.0	0.0	0.0	0.0	0.0	0.0	0.0	0.0	0.0	0.0	0.0	0.0	0.0	0.0	0.0	0.0	0.0	0.0	0.0	0.0	0.0	0.0	0.0	0.0	0.0	0.0	0.0	0.0	0.0	0.0	0.0	0.0	0.0	0.0	0.0	0.0	0.0	0.0	0.0	0.0	0.0	0.0	0.0	0.0	0.0
O137	3.0	25	1.0	9	2	7	6	5	3	2.0	5	4	3	15	3	4.0	7	3.0	2.0	7	2.0	19	8.0	4	3	4	8	2.0	3	19	1.0	2.0	2.0	1.0	3	7	2.0	14	2.0	5	3	2.0	2.0	2.0	2.0	1.0	2.0	3.0	2.0	1.0	2	4.0	2.0	2.0	3.0	1.0	2.0	0.0	0.0	1.0	1.0	1.0	2.0	2.0	3	1.0	1.0	2.0	4.0	1.0	1.0	1.0	1.0	1.0	2.0	2.0	1.0	1.0	1.0	4	1.0	1.0	1.0	1.0	1.0	4.0	1.0	1.0	1.0	1.0	0.0	0.0	0.0	0.0	2.0	0.0	1.0	0.0	2.0	0.0	0.0	0.0	0.0	0.0	0.0	0.0	0.0	0.0	0.0	0.0	1.0	1.0	0.0	0.0	0.0	0.0	0.0	0.0	0.0	0.0	0.0	0.0	0.0	0.0	0.0	0.0	0.0	0.0	0.0	0.0	0.0	0.0	0.0	0.0	0.0	0.0	0.0	0.0	0.0	0.0	0.0	0.0	0.0	0.0	0.0	0.0	0.0	0.0	0.0	0.0	0.0	0.0	0.0
O138	3.0	32	1.0	9	2	7	6	5	3	2.0	5	4	3	16	2	4.0	8	2.0	2.0	7	2.0	23	8.0	4	3	4	8	2.0	3	17	1.0	2.0	2.0	1.0	3	6	2.0	14	2.0	5	3	2.0	0.0	2.0	2.0	1.0	2.0	3.0	2.0	0.0	5	3.0	2.0	2.0	1.0	1.0	2.0	3.0	1.0	2.0	1.0	1.0	2.0	2.0	1	1.0	1.0	2.0	4.0	1.0	1.0	1.0	1.0	1.0	2.0	2.0	1.0	1.0	1.0	4	1.0	1.0	1.0	1.0	1.0	1.0	1.0	1.0	1.0	1.0	0.0	0.0	0.0	2.0	2.0	0.0	1.0	0.0	2.0	0.0	1.0	0.0	0.0	0.0	0.0	0.0	0.0	2.0	0.0	0.0	1.0	1.0	0.0	0.0	0.0	0.0	0.0	0.0	0.0	0.0	0.0	0.0	0.0	0.0	0.0	0.0	0.0	0.0	0.0	0.0	0.0	0.0	0.0	0.0	0.0	0.0	0.0	0.0	0.0	0.0	0.0	0.0	0.0	0.0	1.0	0.0	0.0	0.0	0.0	0.0	0.0	0.0	0.0
O139	3.0	30	1.0	9	2	7	6	5	3	2.0	5	4	3	15	3	4.0	6	4.0	2.0	7	2.0	18	8.0	4	3	4	8	2.0	3	2	1.0	2.0	2.0	1.0	3	5	0.0	14	2.0	5	3	0.0	2.0	2.0	2.0	1.0	2.0	3.0	2.0	1.0	5	2.0	2.0	2.0	3.0	4.0	2.0	3.0	0.0	1.0	1.0	1.0	2.0	2.0	1	1.0	1.0	2.0	4.0	1.0	1.0	1.0	1.0	1.0	2.0	2.0	1.0	1.0	1.0	2	1.0	1.0	1.0	0.0	0.0	1.0	1.0	1.0	1.0	1.0	0.0	0.0	0.0	2.0	2.0	0.0	0.0	0.0	0.0	0.0	0.0	0.0	0.0	0.0	0.0	0.0	0.0	0.0	0.0	0.0	0.0	0.0	0.0	0.0	0.0	0.0	0.0	2.0	0.0	0.0	0.0	0.0	0.0	0.0	0.0	0.0	0.0	0.0	0.0	0.0	0.0	0.0	0.0	0.0	0.0	0.0	0.0	0.0	0.0	0.0	1.0	1.0	0.0	0.0	0.0	0.0	0.0	0.0	0.0	0.0	0.0	0.0	0.0
O141	3.0	35	1.0	9	3	4	6	5	4	2.0	5	4	3	24	2	4.0	7	2.0	2.0	7	2.0	25	9.0	4	3	4	8	2.0	3	5	1.0	2.0	2.0	1.0	3	4	2.0	14	2.0	5	3	4.0	0.0	2.0	2.0	1.0	2.0	3.0	2.0	1.0	5	0.0	2.0	2.0	3.0	1.0	2.0	3.0	1.0	2.0	1.0	1.0	2.0	2.0	3	1.0	1.0	5.0	4.0	1.0	1.0	1.0	1.0	1.0	2.0	2.0	1.0	1.0	1.0	2	1.0	1.0	1.0	0.0	1.0	1.0	1.0	1.0	1.0	1.0	0.0	1.0	1.0	2.0	2.0	0.0	0.0	0.0	0.0	0.0	0.0	0.0	0.0	0.0	0.0	0.0	2.0	2.0	0.0	0.0	0.0	0.0	0.0	0.0	0.0	0.0	0.0	0.0	0.0	0.0	0.0	0.0	0.0	0.0	0.0	0.0	0.0	0.0	0.0	0.0	0.0	0.0	0.0	0.0	0.0	0.0	0.0	0.0	0.0	0.0	0.0	0.0	0.0	0.0	0.0	0.0	0.0	0.0	0.0	0.0	0.0	0.0	0.0
O142	4.0	32	0.0	9	2	5	4	5	4	2.0	5	4	3	19	3	2.0	6	2.0	2.0	7	2.0	17	7.0	4	3	4	8	2.0	3	9	1.0	2.0	2.0	1.0	3	4	2.0	14	2.0	5	3	2.0	2.0	2.0	2.0	1.0	2.0	3.0	2.0	1.0	2	0.0	0.0	0.0	3.0	1.0	2.0	0.0	1.0	2.0	1.0	1.0	2.0	2.0	3	1.0	1.0	2.0	4.0	1.0	1.0	1.0	1.0	1.0	2.0	2.0	1.0	1.0	1.0	2	1.0	1.0	0.0	0.0	1.0	2.0	1.0	1.0	1.0	1.0	1.0	0.0	0.0	2.0	0.0	0.0	1.0	0.0	0.0	2.0	0.0	0.0	0.0	0.0	0.0	0.0	0.0	0.0	0.0	0.0	0.0	0.0	0.0	0.0	0.0	0.0	0.0	0.0	0.0	0.0	0.0	0.0	0.0	0.0	0.0	0.0	0.0	0.0	0.0	0.0	0.0	0.0	0.0	0.0	0.0	0.0	0.0	0.0	0.0	0.0	0.0	0.0	0.0	0.0	0.0	0.0	0.0	0.0	0.0	0.0	0.0	0.0	0.0
O143	3.0	30	1.0	9	2	6	5	5	4	2.0	5	4	3	17	3	4.0	6	4.0	2.0	7	2.0	19	8.0	4	3	4	8	2.0	3	9	1.0	2.0	2.0	1.0	3	5	2.0	17	2.0	5	3	0.0	2.0	2.0	2.0	1.0	1.0	3.0	2.0	0.0	3	0.0	2.0	2.0	3.0	1.0	2.0	0.0	0.0	1.0	1.0	1.0	2.0	2.0	3	1.0	1.0	2.0	4.0	1.0	1.0	1.0	1.0	1.0	2.0	2.0	1.0	1.0	1.0	2	1.0	1.0	1.0	1.0	1.0	1.0	1.0	1.0	1.0	1.0	0.0	0.0	0.0	0.0	2.0	0.0	0.0	0.0	2.0	2.0	0.0	0.0	0.0	0.0	0.0	0.0	0.0	0.0	0.0	0.0	1.0	1.0	0.0	0.0	0.0	0.0	0.0	0.0	0.0	0.0	0.0	0.0	0.0	0.0	0.0	0.0	0.0	0.0	0.0	0.0	0.0	0.0	0.0	0.0	0.0	0.0	0.0	0.0	0.0	0.0	0.0	0.0	0.0	0.0	0.0	0.0	0.0	0.0	0.0	0.0	0.0	0.0	0.0
O145	3.0	21	1.0	9	2	7	7	4	3	2.0	5	4	3	9	3	4.0	6	4.0	2.0	4	2.0	13	8.0	4	2	2	8	2.0	1	23	0.0	2.0	2.0	1.0	3	2	2.0	11	2.0	5	1	2.0	2.0	2.0	2.0	1.0	1.0	3.0	2.0	0.0	3	0.0	2.0	2.0	3.0	0.0	2.0	0.0	0.0	1.0	2.0	1.0	2.0	2.0	1	1.0	1.0	2.0	4.0	1.0	1.0	1.0	1.0	1.0	2.0	2.0	1.0	1.0	1.0	2	1.0	1.0	1.0	0.0	1.0	7.0	1.0	1.0	1.0	1.0	0.0	0.0	0.0	0.0	0.0	0.0	1.0	0.0	2.0	0.0	0.0	0.0	0.0	0.0	0.0	0.0	0.0	0.0	0.0	0.0	1.0	1.0	0.0	0.0	0.0	0.0	0.0	0.0	0.0	0.0	0.0	0.0	0.0	0.0	0.0	0.0	0.0	0.0	0.0	0.0	0.0	0.0	0.0	0.0	0.0	0.0	0.0	0.0	0.0	0.0	0.0	0.0	0.0	0.0	0.0	0.0	0.0	0.0	0.0	0.0	0.0	0.0	0.0
O146	3.0	34	1.0	9	2	4	4	5	4	2.0	5	4	3	17	3	4.0	7	2.0	2.0	7	2.0	20	8.0	4	3	4	8	2.0	3	18	1.0	2.0	2.0	1.0	3	6	2.0	17	2.0	5	3	0.0	2.0	2.0	2.0	1.0	1.0	3.0	2.0	0.0	3	0.0	2.0	2.0	3.0	1.0	2.0	1.0	0.0	1.0	1.0	1.0	2.0	2.0	3	1.0	1.0	2.0	4.0	1.0	1.0	1.0	1.0	2.0	2.0	2.0	1.0	1.0	1.0	2	1.0	1.0	1.0	1.0	1.0	6.0	1.0	1.0	1.0	1.0	0.0	0.0	0.0	0.0	2.0	0.0	0.0	0.0	0.0	0.0	0.0	0.0	0.0	0.0	0.0	0.0	0.0	0.0	0.0	0.0	0.0	0.0	0.0	0.0	0.0	0.0	0.0	1.0	0.0	1.0	1.0	0.0	0.0	0.0	0.0	0.0	0.0	0.0	0.0	0.0	0.0	0.0	0.0	0.0	0.0	0.0	0.0	0.0	0.0	0.0	0.0	0.0	0.0	0.0	0.0	0.0	0.0	0.0	0.0	0.0	0.0	0.0	0.0
O147	4.0	32	0.0	9	3	5	4	5	5	2.0	5	4	3	15	3	4.0	6	3.0	2.0	7	2.0	14	8.0	4	3	4	8	2.0	3	11	1.0	2.0	2.0	1.0	3	4	2.0	14	2.0	5	3	0.0	0.0	2.0	2.0	1.0	2.0	3.0	2.0	1.0	2	0.0	2.0	2.0	3.0	0.0	2.0	0.0	1.0	2.0	1.0	1.0	2.0	2.0	3	1.0	1.0	2.0	4.0	1.0	1.0	1.0	1.0	1.0	2.0	2.0	1.0	1.0	1.0	4	1.0	1.0	1.0	0.0	1.0	1.0	1.0	1.0	1.0	1.0	0.0	0.0	0.0	0.0	4.0	0.0	1.0	0.0	0.0	0.0	0.0	0.0	0.0	0.0	0.0	0.0	0.0	0.0	0.0	0.0	0.0	0.0	0.0	0.0	0.0	0.0	0.0	0.0	0.0	0.0	0.0	0.0	0.0	0.0	0.0	0.0	0.0	0.0	0.0	0.0	0.0	0.0	0.0	0.0	0.0	0.0	0.0	0.0	0.0	0.0	0.0	0.0	0.0	0.0	0.0	0.0	0.0	0.0	0.0	0.0	0.0	0.0	0.0
O148	3.0	34	1.0	9	2	5	6	5	4	2.0	5	4	3	15	3	4.0	6	3.0	2.0	7	2.0	12	8.0	4	3	4	9	2.0	3	11	1.0	2.0	2.0	1.0	3	7	2.0	17	2.0	5	3	0.0	0.0	2.0	2.0	1.0	2.0	3.0	2.0	1.0	2	2.0	2.0	2.0	3.0	1.0	2.0	0.0	0.0	1.0	1.0	1.0	2.0	2.0	3	1.0	1.0	2.0	3.0	1.0	1.0	1.0	1.0	2.0	2.0	2.0	1.0	1.0	1.0	2	1.0	1.0	1.0	2.0	1.0	3.0	1.0	1.0	1.0	1.0	0.0	0.0	0.0	0.0	2.0	0.0	1.0	0.0	0.0	0.0	0.0	0.0	0.0	0.0	0.0	0.0	0.0	0.0	0.0	0.0	0.0	0.0	0.0	0.0	0.0	0.0	0.0	0.0	0.0	0.0	0.0	0.0	0.0	0.0	0.0	0.0	0.0	0.0	0.0	0.0	0.0	0.0	0.0	0.0	0.0	0.0	0.0	0.0	0.0	0.0	0.0	0.0	0.0	0.0	0.0	0.0	0.0	0.0	0.0	0.0	0.0	0.0	0.0
O149	3.0	32	1.0	9	2	5	6	5	3	2.0	5	4	3	17	2	4.0	7	2.0	2.0	7	2.0	29	7.0	4	3	4	8	2.0	3	9	1.0	2.0	2.0	1.0	3	7	2.0	17	2.0	5	3	4.0	2.0	2.0	2.0	1.0	2.0	3.0	2.0	1.0	3	2.0	2.0	2.0	3.0	1.0	2.0	0.0	1.0	2.0	1.0	1.0	2.0	2.0	3	1.0	1.0	5.0	4.0	1.0	1.0	1.0	1.0	1.0	2.0	2.0	1.0	1.0	1.0	4	1.0	1.0	1.0	1.0	1.0	1.0	1.0	1.0	1.0	1.0	0.0	0.0	0.0	0.0	2.0	0.0	1.0	0.0	0.0	0.0	0.0	0.0	0.0	0.0	0.0	0.0	0.0	0.0	0.0	0.0	0.0	0.0	0.0	0.0	0.0	0.0	0.0	3.0	0.0	1.0	0.0	0.0	0.0	0.0	0.0	0.0	0.0	0.0	0.0	0.0	0.0	0.0	0.0	0.0	1.0	0.0	0.0	0.0	0.0	0.0	0.0	0.0	0.0	0.0	0.0	0.0	0.0	0.0	0.0	0.0	0.0	0.0	0.0
O15	3.0	32	1.0	9	2	7	4	5	3	2.0	5	4	3	18	2	4.0	6	4.0	2.0	7	2.0	19	8.0	4	3	4	8	2.0	3	10	1.0	2.0	2.0	1.0	3	5	2.0	11	2.0	5	3	2.0	0.0	2.0	2.0	1.0	3.0	3.0	2.0	1.0	2	0.0	2.0	2.0	1.0	4.0	2.0	0.0	0.0	1.0	1.0	1.0	2.0	2.0	1	1.0	1.0	2.0	4.0	1.0	1.0	1.0	1.0	1.0	2.0	2.0	1.0	1.0	1.0	2	1.0	1.0	1.0	3.0	1.0	2.0	1.0	1.0	1.0	1.0	0.0	0.0	0.0	0.0	2.0	0.0	1.0	0.0	2.0	0.0	1.0	0.0	0.0	0.0	0.0	0.0	0.0	0.0	1.0	0.0	1.0	1.0	0.0	0.0	0.0	0.0	0.0	2.0	0.0	0.0	0.0	0.0	0.0	0.0	0.0	0.0	0.0	0.0	0.0	0.0	0.0	0.0	0.0	0.0	0.0	0.0	0.0	0.0	0.0	0.0	0.0	0.0	0.0	0.0	0.0	0.0	0.0	0.0	0.0	0.0	0.0	0.0	0.0
O150	3.0	41	1.0	9	3	4	6	5	6	2.0	5	4	3	13	3	4.0	8	3.0	2.0	7	2.0	15	9.0	4	3	4	8	2.0	3	3	2.0	2.0	2.0	1.0	3	6	2.0	13	2.0	5	3	2.0	2.0	2.0	2.0	1.0	2.0	3.0	2.0	1.0	5	0.0	2.0	2.0	1.0	4.0	0.0	3.0	1.0	2.0	1.0	2.0	2.0	2.0	1	1.0	1.0	2.0	4.0	1.0	1.0	1.0	1.0	2.0	2.0	2.0	1.0	1.0	1.0	6	1.0	1.0	1.0	2.0	1.0	1.0	1.0	1.0	1.0	1.0	0.0	0.0	0.0	0.0	0.0	0.0	0.0	0.0	0.0	0.0	0.0	0.0	0.0	0.0	0.0	0.0	0.0	0.0	0.0	0.0	0.0	0.0	0.0	0.0	0.0	0.0	2.0	0.0	0.0	0.0	0.0	0.0	0.0	0.0	0.0	0.0	0.0	0.0	0.0	0.0	0.0	0.0	0.0	0.0	0.0	0.0	0.0	0.0	0.0	0.0	0.0	0.0	0.0	0.0	0.0	0.0	0.0	0.0	0.0	0.0	0.0	0.0	0.0
O151	3.0	30	1.0	9	2	5	4	5	4	2.0	5	4	3	21	3	4.0	7	5.0	2.0	7	2.0	20	8.0	4	3	4	8	2.0	3	23	1.0	2.0	2.0	1.0	3	5	2.0	17	2.0	5	3	2.0	0.0	2.0	2.0	1.0	2.0	3.0	2.0	1.0	3	1.0	4.0	2.0	3.0	1.0	0.0	0.0	0.0	1.0	2.0	1.0	2.0	2.0	5	1.0	1.0	2.0	4.0	1.0	1.0	1.0	1.0	1.0	2.0	2.0	1.0	1.0	1.0	4	1.0	1.0	1.0	1.0	1.0	2.0	1.0	1.0	1.0	1.0	0.0	0.0	0.0	0.0	6.0	0.0	1.0	0.0	1.0	0.0	0.0	0.0	0.0	2.0	2.0	2.0	0.0	0.0	0.0	0.0	0.0	0.0	0.0	0.0	0.0	0.0	0.0	0.0	0.0	0.0	0.0	0.0	0.0	0.0	0.0	0.0	0.0	0.0	0.0	0.0	0.0	0.0	0.0	0.0	0.0	0.0	0.0	0.0	0.0	0.0	0.0	0.0	0.0	0.0	0.0	0.0	0.0	0.0	0.0	0.0	0.0	0.0	0.0
O152	3.0	33	1.0	9	2	5	4	5	4	2.0	5	4	3	17	3	4.0	7	2.0	2.0	7	2.0	21	8.0	4	3	4	8	2.0	3	11	1.0	2.0	2.0	1.0	3	7	2.0	17	2.0	5	3	2.0	2.0	2.0	2.0	1.0	3.0	3.0	2.0	1.0	2	1.0	2.0	2.0	3.0	1.0	2.0	0.0	1.0	2.0	1.0	1.0	2.0	2.0	3	1.0	1.0	2.0	4.0	1.0	1.0	1.0	1.0	2.0	2.0	2.0	1.0	1.0	1.0	2	1.0	1.0	1.0	2.0	1.0	1.0	1.0	1.0	1.0	1.0	0.0	0.0	0.0	0.0	2.0	0.0	1.0	0.0	2.0	0.0	1.0	0.0	0.0	0.0	0.0	0.0	0.0	0.0	0.0	0.0	0.0	0.0	0.0	0.0	0.0	0.0	0.0	0.0	0.0	0.0	0.0	0.0	0.0	0.0	0.0	0.0	0.0	0.0	0.0	0.0	0.0	0.0	0.0	0.0	0.0	0.0	0.0	0.0	0.0	0.0	0.0	0.0	0.0	0.0	0.0	0.0	0.0	0.0	0.0	0.0	0.0	0.0	0.0
O153	3.0	35	1.0	9	2	5	4	5	4	2.0	5	4	3	19	3	4.0	6	5.0	2.0	7	2.0	21	8.0	4	3	4	8	2.0	3	24	1.0	2.0	2.0	1.0	3	7	2.0	17	2.0	5	3	4.0	2.0	2.0	2.0	1.0	2.0	3.0	2.0	1.0	6	0.0	2.0	2.0	3.0	1.0	2.0	3.0	1.0	1.0	2.0	1.0	2.0	2.0	3	1.0	1.0	2.0	4.0	1.0	1.0	1.0	1.0	2.0	2.0	2.0	1.0	1.0	1.0	2	1.0	1.0	1.0	1.0	1.0	8.0	1.0	1.0	1.0	1.0	0.0	0.0	0.0	0.0	2.0	0.0	1.0	0.0	0.0	0.0	0.0	0.0	0.0	2.0	0.0	0.0	0.0	0.0	0.0	0.0	0.0	0.0	0.0	0.0	0.0	0.0	0.0	0.0	0.0	0.0	0.0	0.0	0.0	1.0	0.0	0.0	0.0	0.0	0.0	0.0	0.0	0.0	0.0	0.0	0.0	0.0	0.0	0.0	0.0	0.0	0.0	0.0	0.0	0.0	0.0	0.0	0.0	0.0	0.0	0.0	0.0	0.0	0.0
O154	3.0	35	1.0	9	2	7	6	5	4	2.0	5	4	3	14	2	4.0	7	3.0	2.0	7	2.0	19	8.0	4	3	4	8	2.0	3	12	1.0	2.0	2.0	1.0	3	5	2.0	11	2.0	5	3	0.0	0.0	2.0	2.0	1.0	1.0	3.0	2.0	0.0	5	0.0	2.0	2.0	1.0	1.0	2.0	3.0	0.0	1.0	2.0	1.0	2.0	2.0	1	1.0	1.0	2.0	4.0	1.0	1.0	1.0	1.0	1.0	2.0	2.0	1.0	1.0	1.0	4	1.0	1.0	1.0	2.0	1.0	1.0	1.0	1.0	1.0	0.0	0.0	0.0	0.0	0.0	2.0	0.0	1.0	0.0	2.0	0.0	0.0	0.0	0.0	0.0	0.0	0.0	0.0	2.0	0.0	0.0	0.0	0.0	0.0	0.0	0.0	0.0	0.0	2.0	0.0	1.0	0.0	0.0	0.0	0.0	0.0	0.0	0.0	0.0	0.0	0.0	0.0	0.0	0.0	0.0	0.0	0.0	0.0	0.0	0.0	0.0	0.0	0.0	0.0	0.0	0.0	0.0	0.0	0.0	0.0	0.0	0.0	0.0	0.0
O155	3.0	34	1.0	9	2	7	7	5	6	2.0	5	4	3	22	4	4.0	7	3.0	2.0	7	2.0	15	8.0	4	3	4	8	2.0	3	10	1.0	2.0	2.0	1.0	3	7	2.0	14	2.0	5	3	0.0	2.0	2.0	2.0	1.0	3.0	2.0	2.0	1.0	5	0.0	2.0	2.0	3.0	1.0	2.0	3.0	0.0	1.0	1.0	1.0	2.0	2.0	1	1.0	1.0	2.0	4.0	1.0	1.0	1.0	1.0	1.0	2.0	2.0	1.0	1.0	1.0	5	1.0	1.0	1.0	1.0	1.0	1.0	1.0	1.0	1.0	1.0	0.0	0.0	0.0	0.0	4.0	0.0	1.0	0.0	2.0	2.0	1.0	0.0	0.0	0.0	0.0	0.0	2.0	0.0	0.0	0.0	1.0	1.0	0.0	2.0	1.0	2.0	0.0	1.0	0.0	1.0	0.0	0.0	0.0	0.0	0.0	0.0	0.0	0.0	0.0	0.0	0.0	0.0	0.0	0.0	0.0	0.0	0.0	0.0	0.0	0.0	0.0	0.0	0.0	0.0	0.0	0.0	0.0	0.0	0.0	0.0	0.0	0.0	0.0
O156	3.0	31	1.0	7	2	7	4	5	5	2.0	5	4	3	21	3	4.0	7	4.0	2.0	7	2.0	17	8.0	4	3	4	8	2.0	3	35	1.0	2.0	2.0	1.0	3	6	2.0	14	2.0	5	3	2.0	2.0	2.0	2.0	1.0	1.0	3.0	2.0	0.0	2	0.0	4.0	2.0	2.0	1.0	2.0	0.0	0.0	1.0	1.0	1.0	2.0	2.0	5	1.0	1.0	2.0	4.0	1.0	1.0	1.0	1.0	1.0	3.0	2.0	1.0	1.0	1.0	2	1.0	1.0	1.0	1.0	1.0	12.0	1.0	1.0	1.0	1.0	0.0	0.0	0.0	0.0	0.0	0.0	1.0	0.0	3.0	0.0	0.0	0.0	0.0	0.0	2.0	2.0	0.0	0.0	0.0	0.0	1.0	0.0	0.0	0.0	0.0	0.0	0.0	2.0	0.0	0.0	0.0	0.0	0.0	0.0	0.0	0.0	0.0	0.0	0.0	0.0	0.0	0.0	0.0	0.0	0.0	0.0	0.0	0.0	0.0	0.0	1.0	0.0	0.0	0.0	0.0	0.0	0.0	0.0	0.0	0.0	0.0	0.0	0.0
O16	3.0	32	1.0	9	2	4	4	5	4	2.0	5	4	3	17	3	2.0	8	2.0	2.0	6	2.0	12	8.0	4	3	2	8	2.0	3	5	1.0	2.0	2.0	1.0	3	4	2.0	13	2.0	5	3	2.0	2.0	2.0	2.0	1.0	2.0	3.0	0.0	1.0	5	0.0	2.0	2.0	3.0	0.0	2.0	3.0	1.0	2.0	1.0	1.0	2.0	2.0	3	1.0	1.0	1.0	4.0	1.0	1.0	1.0	1.0	1.0	2.0	2.0	1.0	1.0	1.0	2	1.0	1.0	1.0	0.0	1.0	1.0	1.0	1.0	1.0	1.0	1.0	1.0	1.0	0.0	0.0	0.0	0.0	0.0	0.0	0.0	0.0	0.0	0.0	0.0	0.0	0.0	2.0	0.0	1.0	0.0	0.0	0.0	0.0	0.0	0.0	0.0	0.0	0.0	0.0	0.0	0.0	0.0	0.0	0.0	0.0	0.0	2.0	1.0	1.0	2.0	1.0	1.0	0.0	0.0	0.0	0.0	0.0	0.0	0.0	0.0	0.0	0.0	0.0	0.0	0.0	0.0	0.0	0.0	0.0	0.0	0.0	0.0	0.0
O161	3.0	29	1.0	9	2	4	6	5	5	2.0	5	4	3	13	3	4.0	6	3.0	2.0	7	2.0	16	8.0	4	3	4	8	2.0	3	11	1.0	2.0	2.0	1.0	3	5	2.0	14	2.0	5	3	2.0	2.0	2.0	2.0	1.0	1.0	3.0	2.0	0.0	2	2.0	2.0	2.0	3.0	1.0	2.0	0.0	1.0	2.0	1.0	1.0	2.0	2.0	1	1.0	1.0	2.0	4.0	1.0	1.0	1.0	1.0	2.0	2.0	2.0	1.0	1.0	1.0	6	1.0	1.0	1.0	0.0	0.0	1.0	1.0	1.0	1.0	1.0	0.0	0.0	0.0	0.0	2.0	0.0	0.0	0.0	2.0	0.0	0.0	0.0	0.0	0.0	0.0	0.0	0.0	0.0	0.0	0.0	0.0	0.0	0.0	2.0	1.0	2.0	0.0	0.0	0.0	0.0	0.0	0.0	0.0	0.0	0.0	0.0	0.0	0.0	0.0	0.0	0.0	0.0	0.0	0.0	0.0	0.0	0.0	0.0	0.0	0.0	0.0	0.0	0.0	0.0	0.0	0.0	0.0	0.0	0.0	0.0	0.0	0.0	0.0
O162	3.0	35	1.0	9	2	5	6	5	4	2.0	5	4	3	23	3	4.0	6	3.0	2.0	7	2.0	16	7.0	4	3	4	8	2.0	3	3	1.0	2.0	2.0	1.0	3	4	2.0	11	2.0	5	3	2.0	2.0	2.0	2.0	1.0	2.0	3.0	2.0	1.0	2	1.0	2.0	2.0	3.0	1.0	2.0	0.0	1.0	2.0	1.0	1.0	2.0	2.0	3	1.0	1.0	2.0	4.0	1.0	1.0	1.0	1.0	1.0	2.0	2.0	1.0	1.0	1.0	2	1.0	1.0	1.0	0.0	1.0	1.0	1.0	1.0	1.0	1.0	0.0	0.0	0.0	0.0	0.0	0.0	0.0	0.0	0.0	0.0	0.0	0.0	0.0	0.0	0.0	0.0	2.0	0.0	0.0	0.0	0.0	0.0	0.0	0.0	0.0	0.0	0.0	2.0	0.0	0.0	0.0	0.0	0.0	0.0	0.0	0.0	0.0	0.0	0.0	0.0	0.0	0.0	0.0	0.0	0.0	0.0	0.0	0.0	0.0	0.0	0.0	0.0	0.0	0.0	0.0	0.0	0.0	0.0	0.0	0.0	0.0	0.0	0.0
O163	3.0	29	1.0	9	2	5	7	5	4	2.0	5	4	3	18	3	4.0	7	2.0	2.0	7	2.0	17	8.0	4	3	4	8	2.0	3	9	1.0	2.0	2.0	1.0	3	6	2.0	17	2.0	5	3	0.0	2.0	2.0	2.0	1.0	1.0	3.0	2.0	0.0	2	0.0	4.0	2.0	3.0	1.0	2.0	0.0	0.0	1.0	1.0	1.0	2.0	2.0	5	1.0	1.0	2.0	4.0	1.0	1.0	1.0	1.0	2.0	2.0	2.0	1.0	1.0	1.0	2	1.0	1.0	1.0	2.0	1.0	2.0	1.0	1.0	1.0	1.0	0.0	0.0	0.0	0.0	2.0	0.0	1.0	0.0	1.0	0.0	0.0	0.0	0.0	0.0	2.0	2.0	0.0	0.0	0.0	0.0	0.0	0.0	0.0	0.0	0.0	0.0	0.0	0.0	0.0	0.0	0.0	0.0	0.0	0.0	0.0	0.0	0.0	0.0	0.0	0.0	0.0	0.0	0.0	0.0	0.0	0.0	0.0	0.0	0.0	0.0	0.0	0.0	0.0	0.0	0.0	0.0	1.0	0.0	0.0	0.0	0.0	0.0	0.0
O164	3.0	36	1.0	9	2	5	6	5	4	2.0	5	4	3	14	3	4.0	6	3.0	2.0	6	2.0	17	8.0	4	3	4	8	2.0	3	13	1.0	2.0	2.0	1.0	3	6	2.0	13	2.0	5	3	2.0	2.0	2.0	2.0	1.0	1.0	3.0	2.0	0.0	3	1.0	2.0	2.0	3.0	0.0	2.0	0.0	0.0	1.0	1.0	1.0	2.0	2.0	1	1.0	1.0	2.0	4.0	1.0	1.0	1.0	1.0	2.0	2.0	2.0	1.0	1.0	1.0	1	1.0	1.0	1.0	1.0	1.0	1.0	1.0	1.0	1.0	1.0	1.0	0.0	0.0	0.0	0.0	0.0	0.0	0.0	0.0	0.0	0.0	0.0	0.0	0.0	0.0	0.0	0.0	0.0	0.0	0.0	0.0	0.0	2.0	0.0	0.0	0.0	0.0	0.0	0.0	0.0	0.0	0.0	0.0	0.0	0.0	0.0	0.0	0.0	0.0	0.0	0.0	0.0	0.0	0.0	0.0	0.0	0.0	0.0	0.0	0.0	0.0	0.0	0.0	0.0	0.0	0.0	0.0	0.0	0.0	0.0	0.0	0.0	0.0
O165	3.0	29	1.0	9	2	4	4	5	3	2.0	5	4	3	17	3	4.0	6	4.0	2.0	7	2.0	18	8.0	4	3	4	8	2.0	3	29	1.0	2.0	2.0	1.0	3	6	2.0	13	2.0	5	3	2.0	2.0	2.0	2.0	0.0	1.0	3.0	2.0	1.0	5	0.0	2.0	2.0	1.0	0.0	0.0	2.0	0.0	1.0	2.0	1.0	2.0	2.0	3	1.0	1.0	2.0	4.0	1.0	1.0	1.0	1.0	0.0	2.0	2.0	1.0	1.0	1.0	2	1.0	1.0	1.0	0.0	1.0	7.0	1.0	1.0	1.0	1.0	0.0	0.0	0.0	0.0	2.0	0.0	0.0	0.0	0.0	0.0	0.0	0.0	0.0	2.0	0.0	0.0	0.0	0.0	0.0	0.0	0.0	0.0	0.0	0.0	0.0	0.0	0.0	0.0	0.0	0.0	0.0	0.0	0.0	0.0	0.0	0.0	0.0	0.0	0.0	0.0	0.0	0.0	0.0	0.0	0.0	0.0	0.0	0.0	0.0	0.0	0.0	0.0	0.0	0.0	0.0	0.0	0.0	0.0	0.0	0.0	0.0	0.0	0.0
O166	3.0	31	1.0	9	2	8	6	5	3	2.0	5	4	3	22	2	4.0	7	3.0	2.0	7	2.0	21	8.0	4	3	4	8	2.0	3	5	1.0	2.0	2.0	1.0	3	5	2.0	11	2.0	5	3	2.0	0.0	2.0	2.0	1.0	1.0	3.0	2.0	0.0	3	3.0	2.0	2.0	1.0	6.0	2.0	0.0	1.0	2.0	1.0	1.0	2.0	2.0	1	1.0	1.0	2.0	4.0	1.0	1.0	1.0	1.0	1.0	2.0	2.0	1.0	1.0	1.0	2	1.0	1.0	1.0	1.0	1.0	1.0	1.0	1.0	1.0	1.0	0.0	0.0	0.0	0.0	2.0	0.0	1.0	0.0	2.0	0.0	0.0	0.0	0.0	0.0	0.0	0.0	0.0	0.0	0.0	0.0	1.0	1.0	0.0	0.0	0.0	0.0	0.0	0.0	0.0	0.0	0.0	0.0	0.0	0.0	0.0	0.0	0.0	0.0	0.0	0.0	0.0	0.0	0.0	0.0	0.0	0.0	0.0	0.0	0.0	0.0	0.0	0.0	0.0	0.0	0.0	0.0	0.0	0.0	0.0	0.0	0.0	0.0	0.0
O167	3.0	35	1.0	9	2	7	4	5	3	2.0	5	4	3	19	2	4.0	7	3.0	2.0	7	2.0	20	8.0	4	3	4	8	2.0	3	6	1.0	2.0	2.0	1.0	3	7	2.0	14	2.0	5	3	2.0	0.0	2.0	2.0	1.0	3.0	3.0	2.0	1.0	5	0.0	2.0	2.0	1.0	1.0	2.0	3.0	1.0	2.0	1.0	1.0	2.0	2.0	3	1.0	1.0	2.0	4.0	1.0	1.0	1.0	1.0	1.0	2.0	2.0	1.0	1.0	1.0	2	1.0	1.0	1.0	0.0	1.0	1.0	1.0	1.0	1.0	1.0	0.0	0.0	0.0	0.0	0.0	0.0	1.0	0.0	2.0	0.0	1.0	0.0	0.0	0.0	0.0	0.0	0.0	0.0	0.0	0.0	1.0	1.0	0.0	0.0	0.0	0.0	0.0	0.0	0.0	0.0	0.0	0.0	0.0	0.0	0.0	0.0	0.0	0.0	0.0	0.0	0.0	0.0	0.0	0.0	0.0	0.0	0.0	0.0	0.0	0.0	0.0	0.0	0.0	0.0	0.0	0.0	0.0	0.0	0.0	0.0	0.0	0.0	0.0
O168	3.0	34	1.0	9	2	5	4	5	5	2.0	5	4	3	26	3	4.0	6	3.0	2.0	7	2.0	17	8.0	4	3	4	8	2.0	3	26	1.0	2.0	2.0	1.0	3	7	2.0	15	2.0	5	3	4.0	2.0	2.0	2.0	1.0	2.0	3.0	2.0	1.0	5	0.0	4.0	2.0	3.0	1.0	2.0	3.0	0.0	1.0	1.0	1.0	2.0	2.0	5	1.0	1.0	2.0	4.0	1.0	1.0	1.0	1.0	1.0	2.0	2.0	1.0	1.0	1.0	5	1.0	1.0	1.0	2.0	1.0	2.0	1.0	1.0	1.0	1.0	0.0	0.0	0.0	0.0	2.0	0.0	0.0	0.0	1.0	0.0	0.0	0.0	0.0	0.0	2.0	2.0	0.0	0.0	0.0	0.0	0.0	0.0	0.0	0.0	0.0	0.0	0.0	0.0	0.0	0.0	0.0	0.0	0.0	0.0	0.0	0.0	0.0	0.0	0.0	0.0	0.0	0.0	0.0	0.0	0.0	0.0	0.0	0.0	0.0	0.0	0.0	0.0	0.0	0.0	0.0	0.0	0.0	0.0	0.0	0.0	0.0	0.0	0.0
O169	3.0	29	1.0	9	2	7	7	5	3	2.0	5	4	3	22	2	4.0	6	2.0	2.0	7	2.0	21	8.0	4	3	4	8	2.0	3	7	1.0	2.0	2.0	1.0	3	8	2.0	11	2.0	5	3	6.0	0.0	2.0	2.0	1.0	2.0	3.0	2.0	1.0	5	2.0	2.0	2.0	1.0	1.0	2.0	3.0	0.0	1.0	1.0	1.0	2.0	2.0	1	1.0	1.0	2.0	4.0	1.0	1.0	1.0	1.0	1.0	2.0	2.0	1.0	1.0	1.0	2	1.0	1.0	1.0	1.0	1.0	1.0	1.0	1.0	1.0	1.0	0.0	0.0	0.0	0.0	2.0	0.0	1.0	0.0	2.0	0.0	0.0	0.0	0.0	0.0	0.0	0.0	0.0	0.0	0.0	0.0	1.0	1.0	0.0	0.0	0.0	0.0	0.0	0.0	0.0	0.0	0.0	0.0	0.0	0.0	0.0	0.0	0.0	0.0	0.0	0.0	0.0	0.0	0.0	0.0	0.0	0.0	0.0	0.0	0.0	0.0	0.0	0.0	0.0	0.0	0.0	0.0	0.0	0.0	0.0	0.0	0.0	0.0	0.0
O17	3.0	31	1.0	9	2	7	4	5	3	2.0	5	4	3	18	2	4.0	7	3.0	2.0	7	2.0	22	8.0	4	3	4	8	2.0	3	6	1.0	2.0	2.0	1.0	3	5	2.0	11	2.0	5	3	4.0	0.0	2.0	2.0	1.0	1.0	3.0	2.0	0.0	2	0.0	2.0	2.0	1.0	4.0	2.0	0.0	0.0	1.0	1.0	1.0	2.0	2.0	1	1.0	1.0	3.0	4.0	1.0	1.0	1.0	1.0	1.0	2.0	2.0	1.0	1.0	1.0	2	1.0	1.0	1.0	1.0	1.0	2.0	1.0	1.0	1.0	1.0	0.0	0.0	0.0	0.0	0.0	0.0	1.0	0.0	2.0	0.0	0.0	0.0	0.0	0.0	0.0	0.0	0.0	0.0	0.0	0.0	1.0	1.0	0.0	0.0	0.0	0.0	0.0	0.0	0.0	0.0	0.0	0.0	0.0	0.0	0.0	0.0	0.0	0.0	0.0	0.0	0.0	0.0	0.0	0.0	0.0	0.0	0.0	0.0	0.0	0.0	0.0	0.0	0.0	0.0	0.0	0.0	0.0	0.0	0.0	0.0	0.0	0.0	0.0
O170	3.0	40	1.0	9	2	4	4	5	4	2.0	5	4	3	15	3	4.0	7	3.0	2.0	7	2.0	17	8.0	4	3	4	8	2.0	3	10	2.0	2.0	2.0	1.0	3	6	2.0	14	2.0	5	3	2.0	2.0	2.0	2.0	1.0	2.0	3.0	2.0	1.0	5	1.0	2.0	2.0	3.0	4.0	2.0	3.0	2.0	2.0	1.0	2.0	2.0	2.0	1	1.0	1.0	2.0	4.0	1.0	1.0	1.0	1.0	2.0	2.0	2.0	1.0	1.0	1.0	2	1.0	1.0	1.0	1.0	1.0	4.0	1.0	1.0	1.0	1.0	0.0	0.0	0.0	0.0	0.0	0.0	0.0	0.0	0.0	0.0	0.0	0.0	0.0	0.0	0.0	0.0	0.0	0.0	0.0	0.0	0.0	0.0	0.0	0.0	0.0	0.0	0.0	0.0	0.0	0.0	0.0	0.0	0.0	0.0	0.0	0.0	0.0	0.0	0.0	0.0	0.0	0.0	0.0	0.0	0.0	0.0	0.0	0.0	0.0	0.0	0.0	0.0	0.0	0.0	0.0	0.0	0.0	0.0	0.0	0.0	0.0	0.0	0.0
O171	3.0	37	1.0	9	2	5	4	5	5	2.0	5	4	3	16	3	4.0	8	3.0	2.0	7	2.0	16	8.0	4	3	4	8	2.0	3	13	1.0	2.0	2.0	1.0	3	6	2.0	17	2.0	5	3	0.0	2.0	2.0	2.0	1.0	2.0	3.0	2.0	1.0	5	0.0	2.0	2.0	3.0	1.0	2.0	3.0	0.0	1.0	1.0	1.0	2.0	2.0	5	1.0	1.0	2.0	4.0	1.0	1.0	1.0	1.0	2.0	2.0	2.0	1.0	1.0	1.0	2	1.0	1.0	1.0	1.0	1.0	3.0	1.0	1.0	1.0	0.0	0.0	0.0	0.0	0.0	2.0	0.0	1.0	0.0	3.0	0.0	0.0	0.0	0.0	0.0	0.0	2.0	0.0	0.0	0.0	0.0	0.0	0.0	0.0	0.0	0.0	0.0	0.0	0.0	0.0	0.0	0.0	2.0	0.0	0.0	0.0	0.0	0.0	0.0	0.0	0.0	0.0	0.0	0.0	0.0	0.0	0.0	0.0	0.0	0.0	0.0	0.0	0.0	0.0	0.0	0.0	0.0	0.0	0.0	0.0	0.0	0.0	0.0	0.0
O172	3.0	26	1.0	9	2	5	4	5	3	2.0	5	4	3	19	3	4.0	6	3.0	2.0	7	2.0	17	8.0	4	3	4	8	2.0	3	23	1.0	2.0	2.0	1.0	3	6	2.0	13	2.0	5	3	2.0	2.0	2.0	2.0	1.0	2.0	3.0	2.0	1.0	5	2.0	2.0	2.0	1.0	0.0	0.0	2.0	0.0	1.0	1.0	1.0	2.0	2.0	3	1.0	1.0	2.0	4.0	1.0	1.0	1.0	1.0	0.0	2.0	2.0	1.0	1.0	1.0	2	1.0	1.0	1.0	0.0	1.0	10.0	1.0	1.0	1.0	1.0	0.0	0.0	0.0	0.0	2.0	0.0	0.0	0.0	0.0	0.0	0.0	0.0	0.0	2.0	0.0	0.0	0.0	0.0	0.0	0.0	0.0	0.0	0.0	0.0	0.0	0.0	0.0	2.0	0.0	0.0	0.0	0.0	0.0	0.0	0.0	0.0	0.0	0.0	0.0	0.0	0.0	0.0	0.0	0.0	1.0	0.0	0.0	0.0	0.0	0.0	0.0	0.0	0.0	0.0	0.0	0.0	0.0	0.0	0.0	0.0	0.0	0.0	0.0
O173	3.0	36	1.0	9	2	5	4	5	5	2.0	5	4	3	18	3	4.0	6	2.0	2.0	7	2.0	19	8.0	4	3	4	8	2.0	3	11	1.0	2.0	2.0	1.0	3	7	2.0	14	2.0	5	3	0.0	2.0	2.0	2.0	1.0	2.0	3.0	2.0	1.0	5	1.0	4.0	2.0	3.0	1.0	2.0	3.0	0.0	1.0	1.0	1.0	2.0	2.0	5	1.0	1.0	2.0	4.0	1.0	1.0	1.0	1.0	2.0	2.0	2.0	1.0	1.0	1.0	2	1.0	1.0	1.0	2.0	1.0	1.0	1.0	1.0	1.0	1.0	0.0	0.0	0.0	0.0	2.0	0.0	1.0	0.0	3.0	0.0	0.0	0.0	0.0	0.0	2.0	2.0	0.0	0.0	0.0	0.0	0.0	0.0	0.0	0.0	0.0	0.0	0.0	0.0	0.0	0.0	0.0	0.0	0.0	0.0	0.0	0.0	0.0	0.0	0.0	0.0	0.0	0.0	0.0	0.0	0.0	0.0	0.0	0.0	0.0	0.0	0.0	0.0	0.0	0.0	0.0	0.0	0.0	0.0	0.0	0.0	0.0	0.0	0.0
O175	3.0	35	1.0	9	2	5	4	5	5	2.0	5	4	3	30	3	4.0	7	2.0	2.0	7	2.0	18	8.0	4	3	4	8	2.0	3	8	1.0	2.0	2.0	1.0	3	4	2.0	17	2.0	5	3	0.0	2.0	2.0	2.0	1.0	2.0	3.0	2.0	1.0	5	1.0	2.0	0.0	3.0	1.0	2.0	3.0	0.0	1.0	1.0	1.0	2.0	2.0	5	1.0	1.0	2.0	4.0	1.0	1.0	1.0	1.0	1.0	2.0	2.0	1.0	1.0	1.0	3	1.0	1.0	1.0	2.0	1.0	2.0	1.0	1.0	1.0	1.0	1.0	0.0	0.0	0.0	2.0	0.0	1.0	0.0	1.0	0.0	0.0	0.0	0.0	0.0	2.0	2.0	0.0	0.0	0.0	0.0	1.0	1.0	0.0	0.0	0.0	0.0	0.0	1.0	0.0	1.0	0.0	0.0	0.0	0.0	0.0	0.0	0.0	0.0	0.0	0.0	0.0	0.0	0.0	0.0	0.0	0.0	0.0	0.0	0.0	0.0	0.0	0.0	0.0	0.0	0.0	0.0	0.0	0.0	0.0	0.0	0.0	0.0	0.0
O176	3.0	37	0.0	9	3	8	7	5	4	2.0	5	4	3	18	3	2.0	6	2.0	2.0	7	2.0	17	8.0	4	3	4	8	2.0	3	7	1.0	2.0	2.0	1.0	3	5	2.0	14	2.0	5	1	0.0	2.0	2.0	2.0	1.0	1.0	3.0	2.0	0.0	2	0.0	2.0	2.0	3.0	0.0	2.0	0.0	1.0	2.0	1.0	1.0	2.0	2.0	3	1.0	1.0	4.0	4.0	1.0	1.0	1.0	1.0	1.0	2.0	2.0	1.0	1.0	1.0	2	1.0	1.0	1.0	0.0	2.0	1.0	1.0	1.0	1.0	1.0	1.0	1.0	1.0	0.0	6.0	0.0	0.0	0.0	0.0	0.0	0.0	0.0	0.0	0.0	0.0	0.0	0.0	0.0	0.0	1.0	0.0	0.0	0.0	0.0	0.0	0.0	0.0	0.0	0.0	0.0	0.0	0.0	0.0	0.0	0.0	0.0	0.0	0.0	0.0	0.0	0.0	0.0	2.0	0.0	0.0	0.0	0.0	0.0	0.0	0.0	0.0	0.0	0.0	0.0	0.0	0.0	0.0	0.0	0.0	0.0	0.0	0.0	0.0
O177	3.0	32	1.0	9	2	5	4	5	4	2.0	5	4	1	17	3	4.0	7	3.0	2.0	7	2.0	21	8.0	4	3	4	8	2.0	3	15	1.0	2.0	2.0	1.0	3	5	2.0	17	2.0	5	3	2.0	2.0	2.0	2.0	1.0	1.0	3.0	2.0	0.0	4	1.0	2.0	2.0	3.0	1.0	2.0	2.0	0.0	1.0	1.0	1.0	2.0	2.0	3	1.0	0.0	5.0	4.0	1.0	1.0	1.0	1.0	1.0	2.0	2.0	1.0	1.0	1.0	2	1.0	1.0	1.0	0.0	1.0	1.0	1.0	1.0	1.0	1.0	0.0	0.0	0.0	0.0	8.0	0.0	0.0	0.0	0.0	0.0	0.0	0.0	0.0	0.0	0.0	0.0	0.0	0.0	1.0	0.0	0.0	1.0	0.0	0.0	0.0	0.0	0.0	0.0	0.0	0.0	0.0	0.0	0.0	0.0	0.0	0.0	0.0	0.0	0.0	0.0	0.0	0.0	0.0	0.0	0.0	0.0	0.0	0.0	0.0	0.0	0.0	0.0	0.0	0.0	0.0	0.0	0.0	0.0	0.0	0.0	0.0	0.0	0.0
O178	4.0	31	1.0	9	2	5	4	5	4	2.0	5	4	3	18	3	2.0	7	2.0	2.0	7	2.0	16	6.0	4	3	4	8	2.0	3	16	1.0	2.0	2.0	1.0	3	7	2.0	12	2.0	5	3	0.0	2.0	0.0	2.0	1.0	2.0	3.0	2.0	1.0	5	1.0	2.0	2.0	3.0	1.0	2.0	3.0	0.0	1.0	1.0	1.0	2.0	2.0	3	1.0	1.0	2.0	4.0	1.0	1.0	1.0	1.0	1.0	2.0	2.0	1.0	1.0	1.0	2	1.0	1.0	1.0	1.0	1.0	6.0	0.0	0.0	1.0	1.0	0.0	0.0	0.0	0.0	0.0	0.0	1.0	0.0	0.0	0.0	0.0	0.0	0.0	0.0	0.0	0.0	0.0	0.0	0.0	0.0	0.0	0.0	0.0	0.0	0.0	0.0	0.0	0.0	0.0	0.0	0.0	0.0	0.0	0.0	0.0	0.0	0.0	0.0	0.0	0.0	0.0	0.0	0.0	0.0	0.0	0.0	0.0	0.0	0.0	0.0	0.0	0.0	0.0	0.0	0.0	0.0	0.0	0.0	0.0	0.0	0.0	0.0	0.0
O179	3.0	29	1.0	9	2	7	7	5	3	2.0	5	4	3	24	3	4.0	6	5.0	2.0	7	2.0	18	8.0	4	3	4	8	2.0	3	15	1.0	2.0	2.0	1.0	3	5	2.0	11	2.0	5	3	2.0	2.0	2.0	2.0	1.0	2.0	3.0	2.0	1.0	5	2.0	2.0	2.0	3.0	1.0	2.0	3.0	0.0	1.0	1.0	1.0	2.0	2.0	1	1.0	1.0	2.0	4.0	1.0	1.0	1.0	1.0	1.0	2.0	2.0	1.0	1.0	1.0	3	1.0	1.0	1.0	2.0	1.0	2.0	1.0	1.0	1.0	1.0	0.0	0.0	0.0	0.0	2.0	0.0	1.0	0.0	2.0	0.0	0.0	0.0	0.0	0.0	0.0	0.0	0.0	0.0	0.0	0.0	1.0	2.0	0.0	0.0	0.0	0.0	0.0	1.0	0.0	1.0	0.0	0.0	0.0	0.0	0.0	0.0	0.0	0.0	0.0	0.0	0.0	0.0	0.0	0.0	0.0	0.0	0.0	0.0	0.0	0.0	0.0	0.0	0.0	0.0	0.0	0.0	0.0	0.0	0.0	0.0	2.0	2.0	0.0
O180	3.0	30	1.0	9	2	3	6	5	3	2.0	5	4	3	17	2	4.0	7	4.0	2.0	7	2.0	16	7.0	4	3	4	8	2.0	3	16	1.0	2.0	2.0	1.0	3	6	2.0	17	2.0	5	3	2.0	2.0	2.0	2.0	1.0	2.0	3.0	2.0	1.0	3	2.0	2.0	2.0	3.0	1.0	2.0	0.0	1.0	2.0	1.0	2.0	2.0	2.0	3	1.0	1.0	2.0	4.0	1.0	1.0	1.0	1.0	1.0	2.0	2.0	1.0	1.0	1.0	2	1.0	1.0	1.0	0.0	1.0	4.0	1.0	1.0	1.0	1.0	1.0	0.0	0.0	0.0	0.0	0.0	1.0	0.0	0.0	0.0	0.0	0.0	0.0	0.0	0.0	0.0	0.0	2.0	2.0	0.0	0.0	0.0	0.0	0.0	0.0	0.0	0.0	0.0	0.0	0.0	0.0	0.0	0.0	0.0	0.0	0.0	0.0	0.0	0.0	0.0	0.0	0.0	0.0	0.0	0.0	0.0	0.0	0.0	0.0	0.0	0.0	0.0	0.0	0.0	0.0	2.0	0.0	0.0	0.0	0.0	0.0	0.0	0.0
O181	3.0	27	1.0	9	2	5	6	5	4	2.0	5	4	3	17	3	4.0	6	3.0	2.0	7	2.0	17	8.0	4	3	4	8	2.0	3	9	1.0	2.0	2.0	1.0	3	7	2.0	15	2.0	5	3	0.0	2.0	2.0	2.0	1.0	2.0	3.0	2.0	1.0	2	0.0	2.0	2.0	3.0	1.0	2.0	0.0	0.0	1.0	1.0	1.0	2.0	2.0	3	1.0	1.0	2.0	4.0	1.0	1.0	1.0	1.0	2.0	2.0	2.0	1.0	1.0	1.0	2	1.0	1.0	1.0	2.0	1.0	4.0	1.0	1.0	1.0	1.0	0.0	0.0	0.0	0.0	2.0	0.0	1.0	0.0	2.0	0.0	0.0	0.0	0.0	0.0	0.0	0.0	0.0	0.0	0.0	0.0	0.0	0.0	0.0	0.0	0.0	0.0	0.0	0.0	0.0	0.0	0.0	0.0	0.0	0.0	0.0	0.0	0.0	0.0	0.0	0.0	0.0	0.0	0.0	0.0	0.0	0.0	0.0	0.0	0.0	0.0	0.0	0.0	0.0	0.0	0.0	0.0	0.0	0.0	0.0	0.0	0.0	0.0	0.0
O182	3.0	32	1.0	9	2	7	4	5	5	2.0	5	4	3	16	3	4.0	7	4.0	2.0	7	2.0	16	8.0	4	3	4	8	2.0	3	24	1.0	2.0	2.0	1.0	3	6	2.0	14	2.0	5	3	2.0	2.0	2.0	2.0	1.0	1.0	3.0	2.0	0.0	5	0.0	4.0	2.0	2.0	1.0	2.0	3.0	0.0	1.0	1.0	1.0	2.0	2.0	5	1.0	1.0	2.0	4.0	1.0	1.0	1.0	1.0	1.0	3.0	2.0	1.0	1.0	1.0	2	1.0	1.0	1.0	1.0	1.0	8.0	1.0	1.0	1.0	1.0	0.0	0.0	0.0	0.0	0.0	0.0	1.0	0.0	3.0	0.0	0.0	0.0	0.0	2.0	2.0	2.0	0.0	0.0	0.0	0.0	1.0	0.0	0.0	0.0	0.0	0.0	0.0	0.0	0.0	0.0	0.0	0.0	0.0	0.0	0.0	0.0	0.0	0.0	0.0	0.0	0.0	0.0	0.0	0.0	0.0	0.0	0.0	0.0	0.0	0.0	0.0	0.0	0.0	0.0	0.0	0.0	0.0	0.0	0.0	0.0	0.0	0.0	0.0
O183	3.0	26	1.0	9	2	4	6	5	4	2.0	5	4	3	20	3	4.0	7	1.0	2.0	7	2.0	16	8.0	4	3	4	8	2.0	3	12	1.0	2.0	2.0	1.0	3	5	2.0	13	0.0	5	3	2.0	2.0	0.0	2.0	1.0	1.0	2.0	2.0	0.0	2	2.0	2.0	2.0	3.0	1.0	2.0	0.0	1.0	2.0	1.0	1.0	2.0	2.0	1	1.0	1.0	2.0	3.0	1.0	1.0	1.0	0.0	2.0	2.0	2.0	1.0	1.0	1.0	2	1.0	1.0	1.0	2.0	1.0	4.0	1.0	1.0	1.0	1.0	0.0	0.0	0.0	0.0	2.0	0.0	0.0	0.0	2.0	0.0	0.0	0.0	0.0	0.0	0.0	0.0	0.0	0.0	0.0	0.0	0.0	0.0	0.0	0.0	0.0	0.0	0.0	0.0	0.0	0.0	0.0	0.0	0.0	0.0	0.0	0.0	0.0	0.0	0.0	0.0	0.0	0.0	0.0	0.0	0.0	0.0	0.0	0.0	0.0	0.0	0.0	0.0	0.0	0.0	0.0	0.0	0.0	0.0	0.0	0.0	0.0	0.0	0.0
O184	3.0	35	0.0	9	3	6	6	5	4	2.0	5	4	3	16	1	4.0	6	1.0	2.0	7	2.0	18	9.0	4	3	4	8	2.0	3	12	1.0	2.0	2.0	1.0	3	6	2.0	14	2.0	5	3	2.0	2.0	2.0	2.0	1.0	2.0	3.0	2.0	1.0	5	0.0	2.0	2.0	1.0	1.0	2.0	3.0	1.0	2.0	1.0	1.0	2.0	2.0	3	1.0	1.0	2.0	4.0	1.0	1.0	1.0	1.0	0.0	2.0	2.0	1.0	1.0	1.0	2	1.0	1.0	1.0	1.0	1.0	2.0	1.0	1.0	1.0	1.0	1.0	1.0	1.0	2.0	0.0	0.0	0.0	0.0	0.0	0.0	0.0	0.0	0.0	0.0	0.0	0.0	0.0	4.0	0.0	0.0	0.0	0.0	0.0	0.0	0.0	0.0	0.0	1.0	0.0	1.0	0.0	0.0	0.0	0.0	0.0	0.0	0.0	0.0	0.0	0.0	0.0	0.0	2.0	0.0	0.0	0.0	0.0	0.0	0.0	0.0	0.0	0.0	0.0	0.0	0.0	0.0	0.0	0.0	0.0	0.0	0.0	0.0	0.0
O185	3.0	36	1.0	9	2	2	6	5	4	2.0	5	4	3	14	3	4.0	6	2.0	2.0	7	2.0	18	8.0	4	3	4	8	2.0	3	14	1.0	2.0	2.0	1.0	3	7	2.0	12	2.0	4	3	0.0	2.0	2.0	2.0	1.0	1.0	3.0	2.0	0.0	5	0.0	2.0	2.0	3.0	1.0	2.0	3.0	1.0	2.0	1.0	1.0	2.0	2.0	3	1.0	1.0	2.0	4.0	1.0	1.0	1.0	1.0	2.0	2.0	2.0	1.0	1.0	1.0	2	1.0	1.0	1.0	1.0	1.0	5.0	1.0	1.0	1.0	1.0	0.0	0.0	0.0	0.0	2.0	0.0	0.0	0.0	2.0	0.0	0.0	0.0	0.0	0.0	0.0	0.0	0.0	0.0	0.0	0.0	1.0	1.0	0.0	0.0	0.0	0.0	0.0	0.0	0.0	0.0	0.0	0.0	0.0	0.0	0.0	0.0	0.0	0.0	0.0	0.0	0.0	0.0	0.0	0.0	0.0	0.0	0.0	0.0	0.0	0.0	0.0	0.0	0.0	0.0	0.0	0.0	0.0	0.0	0.0	0.0	0.0	0.0	0.0
O186	3.0	33	1.0	9	2	5	4	5	4	2.0	5	4	3	21	3	4.0	8	3.0	2.0	7	2.0	18	8.0	4	3	4	8	2.0	3	31	1.0	2.0	2.0	1.0	3	6	2.0	16	2.0	5	3	0.0	0.0	2.0	2.0	0.0	1.0	3.0	2.0	1.0	2	1.0	4.0	2.0	3.0	1.0	0.0	0.0	0.0	1.0	2.0	1.0	2.0	2.0	5	1.0	1.0	2.0	4.0	1.0	1.0	1.0	1.0	1.0	2.0	2.0	1.0	1.0	1.0	4	1.0	1.0	1.0	1.0	1.0	9.0	1.0	1.0	1.0	1.0	0.0	0.0	0.0	0.0	2.0	0.0	0.0	0.0	1.0	0.0	0.0	0.0	0.0	2.0	2.0	2.0	0.0	0.0	0.0	0.0	0.0	0.0	0.0	0.0	0.0	0.0	0.0	0.0	0.0	0.0	0.0	0.0	0.0	0.0	0.0	0.0	0.0	0.0	0.0	0.0	0.0	0.0	0.0	0.0	0.0	0.0	0.0	0.0	0.0	0.0	0.0	0.0	0.0	0.0	0.0	0.0	0.0	0.0	0.0	0.0	0.0	0.0	0.0
O187	3.0	35	1.0	9	2	5	5	5	4	2.0	5	4	3	26	3	4.0	7	2.0	2.0	7	2.0	16	8.0	4	3	4	8	2.0	3	9	1.0	2.0	2.0	1.0	3	7	2.0	17	2.0	5	3	0.0	2.0	2.0	2.0	1.0	1.0	3.0	2.0	0.0	6	1.0	2.0	2.0	3.0	1.0	2.0	3.0	0.0	1.0	1.0	1.0	2.0	2.0	3	1.0	1.0	2.0	4.0	1.0	1.0	1.0	1.0	1.0	3.0	2.0	1.0	1.0	1.0	2	1.0	1.0	1.0	2.0	1.0	1.0	1.0	1.0	1.0	1.0	0.0	0.0	0.0	0.0	2.0	0.0	1.0	0.0	2.0	0.0	0.0	0.0	0.0	0.0	0.0	0.0	0.0	0.0	0.0	0.0	1.0	0.0	0.0	0.0	0.0	0.0	0.0	0.0	0.0	0.0	0.0	0.0	0.0	0.0	0.0	0.0	0.0	0.0	0.0	0.0	0.0	0.0	0.0	0.0	0.0	0.0	0.0	0.0	0.0	0.0	0.0	0.0	0.0	0.0	0.0	0.0	0.0	0.0	0.0	0.0	0.0	0.0	0.0
O188	3.0	27	1.0	9	2	5	6	5	4	2.0	5	4	3	19	3	4.0	6	4.0	2.0	7	2.0	16	8.0	4	3	4	8	2.0	3	12	1.0	2.0	2.0	1.0	3	7	2.0	17	2.0	5	3	0.0	0.0	2.0	2.0	0.0	1.0	3.0	2.0	1.0	3	2.0	2.0	2.0	3.0	1.0	2.0	0.0	0.0	1.0	1.0	1.0	2.0	2.0	3	1.0	1.0	2.0	4.0	1.0	1.0	1.0	1.0	2.0	2.0	2.0	1.0	1.0	1.0	2	1.0	1.0	1.0	2.0	1.0	3.0	1.0	1.0	1.0	1.0	1.0	0.0	0.0	0.0	2.0	0.0	0.0	0.0	0.0	0.0	0.0	0.0	0.0	0.0	0.0	0.0	0.0	0.0	1.0	0.0	0.0	0.0	0.0	0.0	0.0	0.0	0.0	0.0	0.0	0.0	0.0	0.0	0.0	0.0	0.0	0.0	0.0	0.0	0.0	0.0	0.0	0.0	0.0	0.0	0.0	0.0	0.0	0.0	0.0	0.0	0.0	0.0	0.0	0.0	0.0	0.0	0.0	0.0	0.0	0.0	0.0	0.0	0.0
O18A	3.0	37	1.0	9	2	5	2	5	4	2.0	5	4	3	19	2	4.0	7	2.0	2.0	7	2.0	18	8.0	4	3	4	8	2.0	3	7	1.0	2.0	2.0	1.0	3	5	2.0	17	2.0	5	3	6.0	2.0	2.0	2.0	1.0	1.0	3.0	2.0	0.0	5	0.0	2.0	2.0	3.0	1.0	2.0	3.0	0.0	1.0	1.0	1.0	2.0	2.0	3	1.0	1.0	5.0	4.0	1.0	1.0	1.0	1.0	2.0	2.0	2.0	1.0	1.0	1.0	2	1.0	1.0	1.0	2.0	1.0	2.0	1.0	1.0	1.0	1.0	1.0	0.0	0.0	0.0	4.0	0.0	1.0	0.0	0.0	0.0	0.0	0.0	0.0	0.0	0.0	0.0	0.0	0.0	0.0	0.0	0.0	2.0	0.0	0.0	0.0	0.0	0.0	0.0	0.0	0.0	0.0	0.0	1.0	0.0	0.0	0.0	0.0	0.0	0.0	0.0	0.0	0.0	0.0	0.0	0.0	0.0	0.0	0.0	0.0	0.0	0.0	0.0	0.0	0.0	0.0	0.0	0.0	0.0	0.0	0.0	0.0	0.0	0.0
O18ab	3.0	40	0.0	9	3	7	6	5	4	2.0	5	4	3	20	3	4.0	6	4.0	2.0	7	2.0	15	9.0	4	3	4	8	2.0	3	5	1.0	2.0	2.0	1.0	3	5	2.0	14	4.0	7	1	0.0	2.0	2.0	2.0	1.0	1.0	3.0	2.0	0.0	5	0.0	2.0	2.0	3.0	3.0	2.0	3.0	1.0	2.0	1.0	1.0	2.0	2.0	3	1.0	1.0	2.0	4.0	1.0	1.0	1.0	1.0	1.0	2.0	2.0	1.0	1.0	1.0	2	1.0	1.0	1.0	0.0	1.0	2.0	1.0	1.0	1.0	1.0	1.0	0.0	0.0	0.0	0.0	0.0	0.0	0.0	0.0	0.0	0.0	0.0	0.0	0.0	0.0	0.0	0.0	0.0	0.0	0.0	0.0	0.0	0.0	0.0	0.0	0.0	0.0	2.0	0.0	0.0	0.0	0.0	0.0	0.0	0.0	0.0	0.0	0.0	0.0	0.0	0.0	0.0	0.0	0.0	0.0	0.0	0.0	0.0	0.0	0.0	0.0	0.0	0.0	0.0	0.0	0.0	0.0	0.0	0.0	0.0	0.0	0.0	0.0
O18ac	3.0	38	0.0	9	3	8	6	5	4	2.0	5	4	3	18	3	4.0	6	1.0	2.0	7	2.0	20	9.0	4	3	4	11	2.0	3	3	1.0	2.0	2.0	1.0	3	4	2.0	14	2.0	5	1	2.0	2.0	2.0	2.0	1.0	2.0	3.0	2.0	1.0	5	0.0	2.0	2.0	3.0	1.0	2.0	3.0	0.0	1.0	1.0	1.0	2.0	2.0	3	1.0	1.0	2.0	4.0	1.0	1.0	1.0	1.0	1.0	2.0	2.0	1.0	1.0	1.0	1	1.0	1.0	1.0	0.0	1.0	1.0	1.0	1.0	1.0	1.0	0.0	0.0	0.0	0.0	0.0	0.0	1.0	0.0	2.0	0.0	0.0	0.0	0.0	0.0	0.0	0.0	0.0	0.0	0.0	0.0	0.0	1.0	0.0	0.0	0.0	0.0	0.0	0.0	0.0	0.0	0.0	0.0	1.0	0.0	0.0	0.0	0.0	0.0	0.0	0.0	0.0	0.0	0.0	0.0	0.0	0.0	0.0	0.0	0.0	0.0	0.0	0.0	0.0	0.0	0.0	0.0	0.0	0.0	0.0	0.0	0.0	0.0	0.0
O2	4.0	35	1.0	9	2	4	6	5	4	2.0	5	4	3	15	3	4.0	7	2.0	2.0	7	2.0	17	8.0	4	3	4	8	2.0	3	6	2.0	2.0	2.0	1.0	3	5	2.0	17	2.0	5	3	8.0	2.0	2.0	2.0	1.0	2.0	3.0	2.0	0.0	5	0.0	2.0	2.0	3.0	4.0	2.0	3.0	1.0	2.0	1.0	2.0	2.0	2.0	1	1.0	1.0	2.0	4.0	1.0	1.0	1.0	1.0	2.0	2.0	2.0	1.0	1.0	1.0	4	1.0	1.0	1.0	2.0	1.0	2.0	1.0	1.0	1.0	1.0	0.0	0.0	0.0	0.0	4.0	0.0	0.0	0.0	0.0	0.0	1.0	0.0	0.0	0.0	0.0	0.0	0.0	0.0	0.0	0.0	0.0	0.0	0.0	0.0	0.0	0.0	2.0	0.0	2.0	0.0	2.0	0.0	0.0	0.0	0.0	0.0	0.0	0.0	0.0	0.0	0.0	0.0	0.0	0.0	0.0	0.0	0.0	0.0	0.0	0.0	0.0	0.0	0.0	0.0	0.0	0.0	0.0	0.0	0.0	0.0	0.0	0.0	0.0
O21	3.0	35	1.0	9	2	5	6	5	4	2.0	5	4	3	14	3	4.0	7	2.0	2.0	7	2.0	20	8.0	4	3	4	8	2.0	3	14	1.0	2.0	2.0	1.0	3	6	2.0	17	2.0	5	3	0.0	2.0	2.0	2.0	1.0	1.0	3.0	2.0	0.0	5	2.0	2.0	2.0	3.0	4.0	2.0	3.0	0.0	1.0	1.0	1.0	2.0	2.0	3	1.0	1.0	3.0	4.0	1.0	1.0	1.0	1.0	2.0	2.0	2.0	1.0	1.0	1.0	2	1.0	1.0	1.0	1.0	1.0	4.0	1.0	1.0	1.0	1.0	0.0	0.0	0.0	0.0	2.0	0.0	1.0	0.0	2.0	0.0	0.0	0.0	0.0	0.0	0.0	0.0	0.0	0.0	0.0	0.0	0.0	0.0	0.0	0.0	0.0	0.0	0.0	0.0	0.0	0.0	0.0	0.0	0.0	0.0	0.0	0.0	0.0	0.0	0.0	0.0	0.0	0.0	0.0	0.0	0.0	0.0	0.0	0.0	0.0	0.0	0.0	0.0	0.0	0.0	0.0	0.0	0.0	0.0	0.0	0.0	0.0	0.0	0.0
O22	3.0	37	1.0	9	2	4	4	5	5	2.0	5	4	3	19	3	4.0	8	3.0	2.0	7	2.0	15	8.0	4	3	4	8	2.0	3	17	2.0	2.0	2.0	1.0	3	6	2.0	15	2.0	5	3	0.0	2.0	2.0	2.0	1.0	2.0	3.0	2.0	1.0	2	0.0	2.0	2.0	3.0	4.0	2.0	0.0	1.0	2.0	1.0	2.0	2.0	2.0	1	1.0	1.0	2.0	4.0	1.0	1.0	1.0	1.0	2.0	2.0	2.0	1.0	1.0	1.0	4	1.0	1.0	1.0	2.0	1.0	3.0	1.0	1.0	1.0	1.0	0.0	0.0	0.0	0.0	0.0	0.0	0.0	0.0	0.0	0.0	0.0	0.0	0.0	0.0	0.0	0.0	0.0	0.0	1.0	0.0	0.0	0.0	0.0	0.0	0.0	0.0	2.0	0.0	0.0	0.0	0.0	0.0	0.0	0.0	0.0	0.0	0.0	0.0	0.0	0.0	0.0	0.0	0.0	0.0	0.0	0.0	0.0	0.0	0.0	0.0	0.0	0.0	0.0	0.0	0.0	0.0	0.0	0.0	0.0	0.0	0.0	0.0	0.0
O24	3.0	30	1.0	9	2	4	6	5	4	2.0	5	4	3	15	3	4.0	6	3.0	2.0	7	2.0	16	8.0	4	3	4	8	2.0	3	12	1.0	2.0	2.0	1.0	3	5	2.0	14	2.0	5	3	2.0	2.0	2.0	2.0	1.0	1.0	3.0	2.0	0.0	2	2.0	2.0	2.0	3.0	1.0	2.0	0.0	1.0	2.0	1.0	1.0	2.0	2.0	1	1.0	1.0	2.0	4.0	1.0	1.0	1.0	1.0	2.0	2.0	2.0	1.0	1.0	1.0	4	1.0	1.0	1.0	0.0	1.0	1.0	1.0	1.0	1.0	1.0	0.0	0.0	0.0	0.0	2.0	0.0	0.0	0.0	0.0	0.0	0.0	0.0	2.0	0.0	0.0	0.0	0.0	0.0	0.0	0.0	0.0	0.0	0.0	0.0	0.0	0.0	0.0	0.0	0.0	0.0	0.0	0.0	0.0	0.0	0.0	0.0	0.0	0.0	0.0	0.0	0.0	0.0	0.0	0.0	0.0	0.0	0.0	0.0	0.0	0.0	0.0	0.0	0.0	0.0	0.0	0.0	0.0	0.0	0.0	0.0	0.0	0.0	0.0
O25	3.0	39	1.0	9	2	4	4	5	6	2.0	5	4	3	18	3	4.0	10	2.0	2.0	7	2.0	23	9.0	4	3	4	8	2.0	3	7	2.0	2.0	2.0	1.0	3	4	2.0	11	2.0	5	3	2.0	2.0	2.0	2.0	1.0	2.0	3.0	2.0	0.0	5	1.0	2.0	2.0	3.0	3.0	2.0	3.0	1.0	2.0	1.0	2.0	2.0	2.0	3	1.0	1.0	2.0	4.0	1.0	1.0	1.0	1.0	1.0	2.0	2.0	1.0	1.0	1.0	3	1.0	1.0	1.0	1.0	1.0	1.0	1.0	1.0	1.0	1.0	0.0	0.0	0.0	0.0	4.0	0.0	0.0	0.0	0.0	0.0	0.0	0.0	0.0	0.0	0.0	0.0	2.0	0.0	0.0	0.0	0.0	0.0	0.0	0.0	0.0	0.0	2.0	0.0	2.0	0.0	0.0	0.0	0.0	0.0	0.0	0.0	0.0	0.0	0.0	0.0	0.0	0.0	0.0	1.0	0.0	0.0	0.0	0.0	0.0	0.0	0.0	0.0	0.0	0.0	0.0	0.0	0.0	0.0	0.0	0.0	0.0	0.0	0.0
O25B	3.0	40	1.0	9	2	4	4	5	4	2.0	5	4	3	18	3	4.0	10	2.0	2.0	7	2.0	19	8.0	4	3	4	7	2.0	3	7	2.0	2.0	2.0	1.0	3	4	2.0	11	2.0	5	3	2.0	2.0	2.0	2.0	1.0	3.0	3.0	2.0	0.0	5	1.0	2.0	2.0	3.0	4.0	2.0	3.0	1.0	2.0	1.0	2.0	2.0	2.0	3	1.0	1.0	2.0	4.0	1.0	1.0	1.0	1.0	1.0	2.0	2.0	1.0	1.0	1.0	2	1.0	1.0	1.0	1.0	1.0	4.0	1.0	1.0	1.0	1.0	0.0	0.0	0.0	0.0	4.0	0.0	0.0	0.0	0.0	0.0	1.0	0.0	0.0	0.0	0.0	0.0	2.0	0.0	0.0	0.0	0.0	1.0	0.0	0.0	0.0	0.0	2.0	0.0	0.0	1.0	0.0	0.0	0.0	0.0	0.0	0.0	0.0	0.0	0.0	0.0	0.0	0.0	0.0	1.0	0.0	0.0	0.0	0.0	0.0	0.0	0.0	0.0	0.0	0.0	0.0	0.0	0.0	0.0	0.0	0.0	0.0	0.0	0.0
O26	3.0	32	1.0	9	2	3	4	6	4	2.0	5	4	3	17	3	4.0	7	5.0	2.0	7	2.0	16	7.0	4	3	4	5	2.0	3	29	1.0	2.0	2.0	0.0	3	6	2.0	16	2.0	5	3	2.0	0.0	2.0	2.0	1.0	2.0	2.0	2.0	1.0	2	1.0	4.0	2.0	3.0	1.0	0.0	0.0	0.0	1.0	1.0	1.0	2.0	2.0	3	1.0	1.0	2.0	4.0	1.0	1.0	1.0	1.0	0.0	2.0	1.0	1.0	1.0	1.0	4	1.0	1.0	1.0	1.0	1.0	9.0	1.0	1.0	1.0	1.0	1.0	0.0	0.0	0.0	2.0	0.0	1.0	0.0	1.0	0.0	0.0	0.0	0.0	4.0	2.0	2.0	0.0	0.0	0.0	0.0	0.0	0.0	0.0	0.0	0.0	0.0	0.0	0.0	0.0	0.0	0.0	0.0	0.0	0.0	0.0	0.0	0.0	0.0	0.0	0.0	0.0	0.0	0.0	0.0	0.0	0.0	0.0	0.0	0.0	0.0	0.0	0.0	1.0	0.0	0.0	0.0	0.0	0.0	0.0	0.0	0.0	0.0	0.0
O27	3.0	34	1.0	9	2	5	5	5	5	2.0	5	4	3	21	3	4.0	7	2.0	2.0	7	2.0	20	8.0	4	3	4	8	2.0	3	4	1.0	2.0	2.0	1.0	3	5	2.0	16	2.0	5	3	0.0	2.0	2.0	2.0	1.0	1.0	3.0	2.0	0.0	7	0.0	4.0	2.0	3.0	1.0	2.0	3.0	0.0	1.0	1.0	1.0	2.0	2.0	5	1.0	1.0	2.0	4.0	1.0	1.0	1.0	1.0	1.0	3.0	2.0	1.0	1.0	1.0	2	1.0	1.0	1.0	0.0	1.0	1.0	1.0	1.0	1.0	1.0	0.0	0.0	0.0	0.0	2.0	0.0	1.0	0.0	3.0	0.0	0.0	0.0	0.0	0.0	2.0	2.0	0.0	0.0	0.0	0.0	1.0	0.0	0.0	0.0	0.0	0.0	0.0	0.0	0.0	0.0	0.0	0.0	0.0	0.0	0.0	0.0	0.0	0.0	0.0	0.0	0.0	0.0	0.0	0.0	0.0	0.0	0.0	0.0	0.0	0.0	0.0	0.0	0.0	2.0	0.0	0.0	0.0	0.0	0.0	0.0	0.0	0.0	0.0
O28ab	3.0	33	1.0	9	2	5	6	5	6	2.0	5	4	3	19	2	4.0	8	2.0	2.0	7	2.0	14	8.0	4	3	4	8	2.0	3	13	1.0	2.0	2.0	1.0	3	5	2.0	14	2.0	5	3	0.0	2.0	2.0	2.0	1.0	2.0	3.0	2.0	1.0	6	1.0	2.0	2.0	3.0	1.0	2.0	3.0	1.0	2.0	1.0	1.0	2.0	2.0	3	1.0	1.0	2.0	4.0	1.0	1.0	1.0	1.0	1.0	2.0	2.0	1.0	1.0	1.0	4	1.0	1.0	1.0	0.0	1.0	7.0	1.0	1.0	1.0	1.0	0.0	1.0	1.0	0.0	0.0	0.0	0.0	0.0	0.0	0.0	0.0	0.0	0.0	0.0	0.0	0.0	2.0	0.0	0.0	0.0	0.0	0.0	0.0	0.0	0.0	0.0	0.0	0.0	0.0	0.0	0.0	0.0	0.0	0.0	0.0	0.0	0.0	0.0	0.0	0.0	0.0	0.0	0.0	0.0	0.0	0.0	0.0	0.0	0.0	0.0	0.0	0.0	0.0	0.0	0.0	0.0	0.0	0.0	0.0	0.0	0.0	0.0	0.0
O28ac	3.0	34	0.0	9	2	5	6	5	4	2.0	5	4	3	13	3	4.0	6	3.0	2.0	7	2.0	16	8.0	4	3	4	7	2.0	3	9	1.0	2.0	2.0	1.0	3	4	2.0	10	2.0	5	3	2.0	2.0	2.0	2.0	1.0	2.0	3.0	0.0	1.0	4	1.0	2.0	2.0	2.0	0.0	2.0	0.0	0.0	1.0	1.0	1.0	2.0	2.0	1	1.0	1.0	2.0	4.0	1.0	1.0	1.0	1.0	2.0	2.0	2.0	1.0	1.0	1.0	3	1.0	1.0	1.0	1.0	1.0	2.0	1.0	1.0	1.0	1.0	1.0	0.0	0.0	0.0	0.0	0.0	0.0	0.0	0.0	0.0	0.0	0.0	0.0	0.0	0.0	0.0	0.0	0.0	0.0	0.0	0.0	0.0	0.0	0.0	0.0	0.0	0.0	0.0	0.0	0.0	0.0	0.0	0.0	0.0	0.0	0.0	0.0	0.0	0.0	0.0	0.0	0.0	0.0	0.0	0.0	0.0	0.0	0.0	0.0	0.0	0.0	0.0	0.0	0.0	0.0	0.0	0.0	0.0	0.0	0.0	0.0	0.0	0.0
O29	3.0	25	1.0	9	2	5	6	5	4	2.0	5	4	3	21	3	4.0	6	5.0	2.0	7	2.0	16	8.0	4	3	4	8	2.0	3	14	1.0	2.0	2.0	1.0	3	7	2.0	13	2.0	5	3	2.0	2.0	2.0	2.0	1.0	2.0	3.0	2.0	1.0	3	0.0	2.0	2.0	3.0	0.0	2.0	0.0	0.0	1.0	1.0	1.0	2.0	2.0	1	1.0	1.0	2.0	4.0	1.0	1.0	1.0	1.0	2.0	2.0	2.0	1.0	1.0	1.0	1	1.0	1.0	1.0	1.0	1.0	1.0	1.0	1.0	1.0	1.0	0.0	0.0	0.0	0.0	0.0	0.0	0.0	0.0	0.0	0.0	0.0	0.0	0.0	0.0	0.0	0.0	0.0	0.0	0.0	0.0	0.0	0.0	0.0	0.0	0.0	0.0	0.0	0.0	0.0	0.0	0.0	0.0	0.0	0.0	0.0	0.0	0.0	0.0	0.0	0.0	0.0	0.0	0.0	0.0	0.0	0.0	0.0	0.0	0.0	0.0	0.0	0.0	0.0	0.0	0.0	0.0	0.0	0.0	0.0	0.0	0.0	0.0	0.0
O3	3.0	33	1.0	9	2	5	6	5	4	2.0	5	4	3	22	3	4.0	7	4.0	2.0	7	2.0	16	8.0	4	3	4	8	2.0	3	7	1.0	2.0	2.0	1.0	3	4	2.0	14	2.0	5	3	2.0	2.0	2.0	2.0	1.0	2.0	3.0	2.0	1.0	5	0.0	2.0	2.0	3.0	1.0	2.0	3.0	0.0	1.0	1.0	1.0	2.0	2.0	3	1.0	1.0	2.0	4.0	1.0	1.0	1.0	1.0	1.0	2.0	2.0	1.0	1.0	1.0	2	1.0	1.0	1.0	0.0	1.0	2.0	1.0	1.0	1.0	1.0	0.0	0.0	0.0	0.0	0.0	0.0	1.0	0.0	0.0	0.0	0.0	0.0	0.0	0.0	0.0	0.0	2.0	0.0	0.0	0.0	0.0	0.0	0.0	0.0	0.0	0.0	0.0	0.0	0.0	0.0	0.0	0.0	0.0	0.0	0.0	0.0	0.0	0.0	0.0	0.0	0.0	0.0	0.0	0.0	0.0	0.0	0.0	0.0	0.0	0.0	0.0	0.0	0.0	0.0	0.0	0.0	0.0	0.0	0.0	0.0	0.0	0.0	0.0
O30	3.0	31	1.0	9	3	5	6	5	5	2.0	5	4	3	20	2	4.0	6	3.0	2.0	7	2.0	15	9.0	4	3	4	8	2.0	3	12	1.0	2.0	2.0	1.0	3	6	2.0	14	2.0	5	3	0.0	2.0	2.0	2.0	1.0	3.0	3.0	2.0	1.0	5	0.0	2.0	2.0	3.0	1.0	0.0	3.0	1.0	2.0	1.0	1.0	2.0	2.0	3	1.0	1.0	2.0	4.0	1.0	1.0	1.0	1.0	1.0	2.0	2.0	1.0	1.0	1.0	4	1.0	1.0	1.0	1.0	1.0	6.0	1.0	1.0	1.0	1.0	0.0	0.0	0.0	0.0	0.0	0.0	0.0	0.0	0.0	0.0	1.0	0.0	0.0	0.0	0.0	0.0	2.0	0.0	0.0	0.0	0.0	0.0	0.0	0.0	0.0	0.0	0.0	2.0	0.0	0.0	0.0	0.0	0.0	0.0	0.0	0.0	0.0	0.0	0.0	0.0	0.0	0.0	0.0	0.0	0.0	0.0	0.0	0.0	0.0	0.0	1.0	0.0	0.0	0.0	0.0	0.0	0.0	0.0	0.0	0.0	0.0	0.0	0.0
O32	3.0	32	1.0	9	2	5	4	5	4	2.0	5	4	3	21	3	4.0	9	1.0	2.0	7	2.0	14	8.0	4	3	4	8	4.0	3	8	1.0	2.0	2.0	1.0	3	5	2.0	14	2.0	5	3	0.0	2.0	2.0	2.0	1.0	2.0	3.0	2.0	1.0	5	0.0	2.0	2.0	3.0	1.0	2.0	3.0	0.0	1.0	1.0	1.0	2.0	2.0	3	1.0	1.0	2.0	4.0	1.0	1.0	1.0	1.0	1.0	2.0	2.0	1.0	1.0	1.0	2	1.0	1.0	1.0	0.0	1.0	1.0	1.0	1.0	1.0	1.0	0.0	1.0	1.0	0.0	0.0	0.0	0.0	0.0	0.0	0.0	0.0	0.0	0.0	0.0	0.0	0.0	2.0	0.0	0.0	0.0	0.0	1.0	0.0	0.0	0.0	0.0	0.0	0.0	0.0	0.0	0.0	0.0	0.0	0.0	0.0	0.0	0.0	0.0	0.0	0.0	0.0	0.0	0.0	0.0	0.0	0.0	0.0	0.0	0.0	0.0	0.0	0.0	0.0	0.0	0.0	0.0	0.0	0.0	0.0	0.0	0.0	0.0	0.0
O33	3.0	22	1.0	9	2	5	7	4	3	2.0	4	4	3	10	3	4.0	4	1.0	2.0	4	2.0	13	5.0	3	3	2	5	2.0	2	13	1.0	2.0	2.0	1.0	2	5	0.0	10	0.0	5	2	0.0	0.0	2.0	2.0	1.0	2.0	3.0	2.0	1.0	3	4.0	0.0	0.0	1.0	0.0	0.0	3.0	0.0	1.0	1.0	0.0	2.0	2.0	1	1.0	1.0	2.0	3.0	1.0	1.0	1.0	1.0	0.0	1.0	1.0	1.0	1.0	1.0	3	1.0	1.0	1.0	0.0	0.0	1.0	1.0	0.0	1.0	1.0	0.0	0.0	0.0	0.0	2.0	0.0	1.0	0.0	2.0	0.0	0.0	0.0	0.0	0.0	0.0	0.0	0.0	0.0	1.0	0.0	1.0	1.0	0.0	0.0	0.0	0.0	0.0	0.0	0.0	0.0	0.0	0.0	0.0	0.0	0.0	0.0	0.0	0.0	0.0	0.0	0.0	0.0	0.0	0.0	0.0	0.0	0.0	0.0	0.0	0.0	0.0	0.0	0.0	0.0	0.0	0.0	0.0	0.0	0.0	0.0	0.0	0.0	0.0
O35	3.0	34	1.0	9	3	7	6	5	5	2.0	5	4	3	15	2	4.0	7	2.0	2.0	7	2.0	19	9.0	4	3	4	8	2.0	3	10	1.0	2.0	2.0	1.0	3	5	2.0	17	2.0	5	3	2.0	2.0	2.0	2.0	1.0	2.0	3.0	2.0	1.0	5	0.0	4.0	2.0	3.0	1.0	2.0	3.0	0.0	1.0	1.0	1.0	2.0	2.0	5	1.0	1.0	5.0	4.0	1.0	1.0	1.0	1.0	2.0	2.0	2.0	1.0	1.0	1.0	2	1.0	1.0	1.0	2.0	1.0	2.0	1.0	1.0	1.0	1.0	1.0	0.0	0.0	0.0	4.0	0.0	0.0	0.0	1.0	0.0	0.0	0.0	0.0	0.0	2.0	2.0	0.0	2.0	0.0	0.0	0.0	0.0	0.0	0.0	0.0	0.0	0.0	0.0	0.0	0.0	0.0	0.0	0.0	0.0	0.0	0.0	0.0	0.0	0.0	0.0	0.0	0.0	0.0	0.0	0.0	0.0	0.0	0.0	0.0	0.0	0.0	0.0	0.0	0.0	0.0	0.0	0.0	1.0	0.0	0.0	0.0	0.0	0.0
O36	3.0	41	1.0	9	2	7	5	5	3	2.0	5	4	3	25	2	4.0	9	2.0	2.0	7	2.0	20	7.0	4	3	4	8	2.0	3	19	1.0	2.0	2.0	1.0	3	7	2.0	13	2.0	5	3	0.0	0.0	2.0	2.0	1.0	1.0	3.0	2.0	0.0	4	1.0	2.0	2.0	1.0	1.0	2.0	2.0	1.0	2.0	1.0	1.0	2.0	2.0	1	1.0	1.0	2.0	4.0	1.0	1.0	1.0	1.0	1.0	2.0	2.0	1.0	1.0	1.0	3	1.0	1.0	1.0	2.0	2.0	2.0	1.0	1.0	1.0	1.0	0.0	0.0	0.0	2.0	2.0	0.0	1.0	0.0	2.0	0.0	0.0	0.0	0.0	0.0	0.0	0.0	0.0	2.0	0.0	0.0	1.0	1.0	0.0	0.0	0.0	0.0	0.0	0.0	0.0	0.0	0.0	0.0	0.0	0.0	0.0	0.0	0.0	0.0	0.0	0.0	0.0	0.0	0.0	0.0	0.0	0.0	0.0	0.0	0.0	0.0	0.0	0.0	0.0	0.0	0.0	0.0	0.0	0.0	0.0	0.0	0.0	0.0	0.0
O37	3.0	31	1.0	9	2	5	6	5	5	2.0	5	4	3	18	3	4.0	6	1.0	2.0	7	2.0	21	8.0	4	3	4	8	2.0	3	9	1.0	2.0	2.0	1.0	3	4	2.0	17	2.0	5	3	2.0	2.0	2.0	2.0	1.0	1.0	3.0	2.0	0.0	5	2.0	4.0	2.0	3.0	0.0	2.0	3.0	0.0	1.0	1.0	1.0	2.0	2.0	5	1.0	1.0	2.0	4.0	1.0	1.0	1.0	1.0	2.0	2.0	2.0	1.0	1.0	1.0	2	1.0	1.0	1.0	1.0	1.0	2.0	1.0	1.0	1.0	1.0	1.0	0.0	0.0	0.0	6.0	0.0	1.0	0.0	1.0	0.0	0.0	0.0	0.0	0.0	2.0	2.0	0.0	0.0	0.0	0.0	0.0	0.0	0.0	0.0	0.0	0.0	0.0	0.0	0.0	0.0	0.0	0.0	0.0	0.0	0.0	0.0	0.0	0.0	0.0	0.0	0.0	0.0	0.0	0.0	0.0	0.0	0.0	0.0	0.0	0.0	0.0	0.0	0.0	0.0	0.0	0.0	0.0	0.0	0.0	0.0	0.0	0.0	0.0
O39	3.0	33	0.0	9	2	5	4	5	4	2.0	5	4	3	15	3	4.0	6	4.0	2.0	7	2.0	19	8.0	4	3	4	5	2.0	4	26	1.0	2.0	2.0	1.0	3	7	2.0	15	2.0	5	1	2.0	0.0	2.0	2.0	1.0	1.0	3.0	2.0	0.0	5	0.0	2.0	2.0	3.0	1.0	2.0	3.0	0.0	1.0	1.0	1.0	2.0	2.0	1	1.0	1.0	1.0	4.0	1.0	1.0	1.0	1.0	2.0	3.0	2.0	1.0	1.0	1.0	4	1.0	1.0	1.0	1.0	1.0	10.0	1.0	1.0	1.0	1.0	1.0	0.0	0.0	0.0	2.0	0.0	0.0	0.0	2.0	0.0	0.0	0.0	0.0	1.0	0.0	0.0	0.0	0.0	0.0	0.0	1.0	0.0	0.0	0.0	0.0	0.0	0.0	0.0	0.0	0.0	0.0	0.0	0.0	0.0	0.0	0.0	0.0	0.0	0.0	0.0	0.0	0.0	0.0	0.0	0.0	2.0	0.0	0.0	0.0	0.0	0.0	0.0	0.0	0.0	0.0	0.0	0.0	0.0	0.0	0.0	0.0	0.0	0.0
O40	3.0	31	1.0	9	3	7	6	3	4	2.0	5	4	3	17	1	2.0	7	2.0	2.0	7	2.0	17	8.0	4	3	4	8	2.0	3	6	1.0	2.0	2.0	1.0	3	4	2.0	14	2.0	5	3	2.0	2.0	2.0	2.0	1.0	1.0	3.0	2.0	0.0	4	3.0	2.0	2.0	3.0	0.0	2.0	2.0	1.0	2.0	1.0	1.0	2.0	2.0	3	1.0	1.0	2.0	4.0	1.0	1.0	1.0	1.0	1.0	2.0	1.0	1.0	1.0	1.0	2	1.0	1.0	1.0	0.0	1.0	1.0	1.0	1.0	1.0	1.0	0.0	1.0	1.0	0.0	0.0	0.0	0.0	0.0	0.0	0.0	0.0	0.0	0.0	0.0	0.0	0.0	0.0	0.0	0.0	0.0	0.0	0.0	0.0	0.0	0.0	0.0	0.0	0.0	0.0	0.0	0.0	0.0	0.0	0.0	0.0	0.0	0.0	0.0	0.0	0.0	0.0	0.0	0.0	0.0	0.0	0.0	0.0	0.0	0.0	0.0	0.0	0.0	0.0	0.0	0.0	0.0	0.0	0.0	0.0	0.0	0.0	0.0	0.0
O41	3.0	36	0.0	9	2	5	6	5	4	2.0	5	4	3	20	3	4.0	7	4.0	2.0	7	2.0	14	8.0	4	3	4	8	2.0	3	4	1.0	2.0	2.0	1.0	3	5	2.0	14	2.0	5	3	4.0	2.0	2.0	2.0	1.0	2.0	3.0	2.0	1.0	5	1.0	2.0	2.0	3.0	1.0	2.0	3.0	1.0	2.0	1.0	1.0	2.0	2.0	3	1.0	0.0	2.0	4.0	1.0	1.0	1.0	1.0	1.0	2.0	2.0	1.0	1.0	1.0	2	1.0	1.0	1.0	0.0	1.0	1.0	1.0	1.0	1.0	1.0	0.0	1.0	1.0	0.0	4.0	0.0	0.0	0.0	0.0	0.0	0.0	0.0	0.0	0.0	0.0	0.0	2.0	0.0	0.0	0.0	0.0	0.0	0.0	0.0	0.0	0.0	0.0	0.0	0.0	0.0	0.0	0.0	0.0	0.0	0.0	0.0	0.0	0.0	0.0	0.0	0.0	0.0	0.0	0.0	0.0	0.0	0.0	0.0	0.0	0.0	0.0	0.0	0.0	0.0	0.0	0.0	0.0	0.0	0.0	0.0	0.0	0.0	0.0
O42	3.0	38	1.0	9	2	5	5	5	5	2.0	5	4	3	15	4	4.0	7	2.0	2.0	7	2.0	15	8.0	4	3	4	8	2.0	3	8	1.0	2.0	2.0	1.0	3	6	2.0	17	2.0	5	3	0.0	2.0	2.0	2.0	1.0	1.0	3.0	2.0	0.0	5	0.0	4.0	2.0	3.0	0.0	2.0	3.0	0.0	1.0	2.0	1.0	2.0	2.0	5	1.0	1.0	2.0	4.0	1.0	1.0	1.0	1.0	1.0	3.0	2.0	1.0	1.0	1.0	4	1.0	1.0	1.0	1.0	1.0	2.0	1.0	1.0	1.0	1.0	1.0	0.0	0.0	0.0	2.0	0.0	1.0	0.0	3.0	0.0	0.0	0.0	0.0	0.0	2.0	2.0	0.0	0.0	0.0	0.0	1.0	0.0	0.0	0.0	0.0	0.0	0.0	0.0	0.0	0.0	0.0	0.0	0.0	0.0	0.0	0.0	0.0	0.0	0.0	0.0	0.0	0.0	0.0	0.0	0.0	0.0	0.0	0.0	0.0	0.0	0.0	0.0	0.0	0.0	0.0	0.0	0.0	0.0	0.0	0.0	0.0	0.0	0.0
O43	3.0	32	1.0	9	2	5	4	5	5	2.0	5	4	3	19	2	4.0	7	2.0	2.0	7	2.0	16	8.0	4	3	4	8	2.0	3	12	1.0	2.0	2.0	1.0	3	7	2.0	17	2.0	5	3	0.0	2.0	2.0	2.0	1.0	1.0	3.0	2.0	0.0	5	0.0	4.0	2.0	3.0	1.0	2.0	3.0	0.0	1.0	1.0	1.0	2.0	2.0	5	1.0	1.0	2.0	4.0	1.0	1.0	1.0	1.0	1.0	2.0	2.0	1.0	1.0	1.0	2	1.0	1.0	1.0	1.0	1.0	4.0	1.0	1.0	1.0	1.0	0.0	0.0	0.0	0.0	2.0	0.0	1.0	0.0	1.0	0.0	0.0	0.0	0.0	0.0	2.0	2.0	0.0	0.0	0.0	0.0	0.0	0.0	0.0	0.0	0.0	0.0	0.0	0.0	0.0	0.0	0.0	0.0	0.0	0.0	0.0	0.0	0.0	0.0	0.0	0.0	0.0	0.0	0.0	0.0	0.0	0.0	0.0	0.0	0.0	0.0	0.0	0.0	0.0	0.0	0.0	0.0	0.0	0.0	0.0	0.0	0.0	0.0	0.0
O44	2.0	22	1.0	7	2	3	4	5	4	0.0	4	3	1	18	1	4.0	7	1.0	2.0	5	2.0	14	6.0	2	3	2	4	2.0	3	9	1.0	0.0	2.0	1.0	2	2	0.0	3	0.0	5	3	2.0	0.0	2.0	2.0	0.0	1.0	0.0	2.0	1.0	3	0.0	0.0	0.0	0.0	4.0	2.0	0.0	0.0	0.0	1.0	1.0	1.0	2.0	1	1.0	0.0	2.0	2.0	1.0	1.0	1.0	1.0	1.0	2.0	2.0	1.0	1.0	0.0	1	1.0	0.0	0.0	0.0	0.0	2.0	1.0	1.0	1.0	0.0	0.0	0.0	0.0	0.0	0.0	0.0	1.0	0.0	0.0	0.0	0.0	0.0	0.0	0.0	0.0	0.0	0.0	0.0	0.0	0.0	1.0	1.0	0.0	0.0	0.0	0.0	0.0	0.0	0.0	0.0	0.0	0.0	0.0	0.0	0.0	0.0	0.0	0.0	0.0	0.0	0.0	0.0	0.0	0.0	0.0	0.0	0.0	0.0	0.0	0.0	0.0	0.0	0.0	0.0	0.0	0.0	0.0	0.0	0.0	0.0	0.0	0.0	0.0
O45	3.0	33	1.0	9	2	5	4	5	4	2.0	5	4	3	16	3	4.0	6	6.0	2.0	7	2.0	19	8.0	4	3	4	8	2.0	3	31	1.0	2.0	2.0	1.0	3	7	2.0	17	2.0	5	3	2.0	2.0	2.0	2.0	1.0	2.0	3.0	2.0	1.0	5	0.0	2.0	2.0	3.0	1.0	2.0	3.0	1.0	1.0	1.0	1.0	2.0	2.0	3	1.0	1.0	2.0	4.0	1.0	1.0	1.0	1.0	2.0	2.0	2.0	1.0	1.0	1.0	2	1.0	1.0	1.0	2.0	1.0	11.0	1.0	1.0	1.0	1.0	0.0	0.0	0.0	0.0	2.0	0.0	1.0	0.0	0.0	0.0	0.0	0.0	0.0	2.0	0.0	0.0	0.0	0.0	0.0	0.0	0.0	0.0	0.0	0.0	0.0	0.0	0.0	0.0	0.0	0.0	0.0	0.0	0.0	1.0	0.0	0.0	0.0	0.0	0.0	0.0	0.0	0.0	0.0	0.0	0.0	0.0	0.0	0.0	0.0	0.0	0.0	0.0	0.0	0.0	0.0	0.0	0.0	0.0	0.0	0.0	0.0	0.0	0.0
O46	3.0	33	1.0	9	2	5	4	5	4	2.0	5	4	3	15	3	4.0	9	2.0	2.0	7	2.0	20	8.0	4	3	4	8	2.0	3	8	1.0	2.0	2.0	1.0	3	6	2.0	17	2.0	5	3	0.0	2.0	2.0	2.0	1.0	2.0	3.0	2.0	1.0	5	0.0	2.0	2.0	3.0	1.0	2.0	3.0	0.0	1.0	1.0	1.0	2.0	2.0	3	1.0	1.0	2.0	4.0	1.0	1.0	1.0	1.0	1.0	2.0	2.0	1.0	1.0	1.0	2	1.0	1.0	1.0	0.0	1.0	2.0	1.0	1.0	1.0	1.0	0.0	0.0	0.0	0.0	2.0	0.0	1.0	0.0	0.0	0.0	0.0	0.0	0.0	0.0	0.0	0.0	0.0	0.0	0.0	0.0	0.0	0.0	0.0	0.0	0.0	0.0	0.0	0.0	0.0	0.0	0.0	0.0	0.0	0.0	0.0	0.0	0.0	0.0	0.0	0.0	0.0	0.0	0.0	0.0	0.0	0.0	0.0	0.0	0.0	0.0	0.0	0.0	0.0	2.0	0.0	0.0	0.0	0.0	0.0	0.0	0.0	0.0	0.0
O48	3.0	36	1.0	9	2	5	6	5	4	2.0	5	4	3	17	3	4.0	7	2.0	2.0	7	2.0	18	8.0	4	3	4	8	2.0	3	13	1.0	2.0	2.0	1.0	3	5	2.0	17	2.0	5	1	4.0	2.0	0.0	2.0	1.0	1.0	3.0	2.0	0.0	5	0.0	2.0	2.0	3.0	1.0	0.0	3.0	0.0	1.0	1.0	1.0	2.0	2.0	3	1.0	1.0	2.0	4.0	1.0	1.0	1.0	1.0	2.0	2.0	2.0	1.0	1.0	1.0	2	1.0	1.0	1.0	1.0	1.0	1.0	1.0	1.0	1.0	1.0	0.0	0.0	0.0	0.0	2.0	0.0	1.0	0.0	2.0	0.0	0.0	0.0	0.0	0.0	0.0	0.0	0.0	0.0	0.0	0.0	0.0	0.0	0.0	0.0	0.0	0.0	0.0	0.0	0.0	0.0	0.0	0.0	0.0	0.0	0.0	0.0	0.0	0.0	0.0	0.0	0.0	0.0	0.0	0.0	0.0	0.0	0.0	0.0	0.0	0.0	0.0	0.0	0.0	0.0	0.0	0.0	0.0	0.0	0.0	0.0	0.0	0.0	0.0
O49	3.0	32	1.0	9	2	4	4	5	4	2.0	5	4	3	18	3	4.0	7	4.0	2.0	6	2.0	16	8.0	4	3	4	4	2.0	3	11	1.0	2.0	2.0	1.0	3	4	2.0	13	2.0	5	3	0.0	0.0	2.0	2.0	1.0	2.0	3.0	2.0	1.0	6	0.0	2.0	2.0	1.0	1.0	2.0	3.0	0.0	1.0	2.0	1.0	2.0	2.0	3	1.0	1.0	2.0	4.0	1.0	1.0	1.0	1.0	1.0	3.0	2.0	1.0	1.0	0.0	2	1.0	1.0	0.0	0.0	0.0	3.0	1.0	1.0	1.0	1.0	1.0	0.0	0.0	0.0	0.0	0.0	0.0	0.0	0.0	0.0	0.0	0.0	0.0	2.0	0.0	0.0	0.0	0.0	0.0	0.0	1.0	0.0	0.0	0.0	0.0	0.0	0.0	0.0	0.0	0.0	0.0	0.0	0.0	0.0	0.0	0.0	0.0	0.0	0.0	0.0	0.0	0.0	0.0	0.0	0.0	0.0	0.0	0.0	0.0	0.0	0.0	0.0	0.0	0.0	0.0	0.0	0.0	0.0	0.0	0.0	0.0	0.0	0.0
O50	3.0	38	1.0	9	2	4	6	5	4	2.0	5	4	3	15	3	4.0	6	3.0	2.0	7	2.0	23	8.0	4	3	4	8	2.0	3	9	2.0	2.0	2.0	1.0	3	5	2.0	17	2.0	5	3	0.0	2.0	2.0	2.0	1.0	1.0	3.0	2.0	0.0	5	0.0	2.0	2.0	3.0	4.0	2.0	3.0	1.0	2.0	1.0	2.0	2.0	2.0	1	1.0	1.0	2.0	4.0	1.0	1.0	1.0	1.0	2.0	2.0	2.0	1.0	1.0	1.0	2	1.0	1.0	1.0	2.0	1.0	2.0	1.0	1.0	1.0	1.0	0.0	0.0	0.0	0.0	0.0	0.0	0.0	0.0	0.0	0.0	0.0	0.0	0.0	0.0	0.0	0.0	0.0	0.0	1.0	0.0	0.0	0.0	0.0	0.0	0.0	0.0	2.0	2.0	0.0	0.0	2.0	0.0	0.0	0.0	0.0	0.0	0.0	0.0	0.0	0.0	0.0	0.0	0.0	0.0	0.0	0.0	0.0	0.0	0.0	0.0	0.0	0.0	0.0	0.0	0.0	0.0	0.0	0.0	0.0	0.0	0.0	0.0	0.0
O51	3.0	41	1.0	9	2	7	6	5	3	2.0	5	4	3	18	2	4.0	6	3.0	2.0	7	2.0	26	8.0	4	3	4	8	2.0	3	17	1.0	2.0	2.0	1.0	3	6	2.0	14	2.0	5	3	2.0	0.0	2.0	2.0	1.0	3.0	3.0	2.0	1.0	6	2.0	2.0	2.0	1.0	4.0	2.0	3.0	0.0	1.0	1.0	1.0	2.0	2.0	1	1.0	1.0	2.0	4.0	1.0	1.0	1.0	1.0	2.0	2.0	2.0	1.0	1.0	1.0	2	1.0	1.0	1.0	1.0	1.0	6.0	1.0	1.0	1.0	1.0	0.0	0.0	0.0	0.0	2.0	0.0	1.0	0.0	2.0	0.0	1.0	0.0	0.0	0.0	0.0	0.0	0.0	0.0	0.0	0.0	1.0	1.0	0.0	0.0	0.0	0.0	0.0	0.0	0.0	0.0	0.0	0.0	0.0	0.0	0.0	0.0	0.0	0.0	0.0	0.0	0.0	0.0	0.0	0.0	0.0	0.0	0.0	0.0	0.0	0.0	0.0	0.0	0.0	0.0	0.0	0.0	0.0	0.0	0.0	0.0	0.0	0.0	0.0
O52	3.0	34	1.0	9	2	7	5	5	3	2.0	5	4	3	17	3	2.0	5	3.0	2.0	7	2.0	16	7.0	4	3	4	8	2.0	3	6	1.0	2.0	2.0	1.0	3	4	2.0	11	2.0	5	3	0.0	0.0	2.0	2.0	1.0	1.0	3.0	2.0	0.0	4	0.0	2.0	2.0	1.0	1.0	2.0	2.0	0.0	1.0	1.0	1.0	2.0	2.0	1	1.0	1.0	2.0	4.0	1.0	1.0	1.0	1.0	1.0	2.0	2.0	1.0	1.0	1.0	2	1.0	1.0	1.0	0.0	1.0	3.0	1.0	1.0	1.0	1.0	0.0	0.0	0.0	0.0	0.0	0.0	1.0	0.0	2.0	0.0	0.0	0.0	0.0	0.0	0.0	0.0	0.0	0.0	0.0	0.0	0.0	0.0	0.0	0.0	0.0	0.0	0.0	0.0	0.0	0.0	0.0	0.0	0.0	0.0	0.0	0.0	0.0	0.0	0.0	0.0	0.0	0.0	0.0	0.0	0.0	0.0	0.0	0.0	0.0	0.0	0.0	0.0	0.0	0.0	0.0	0.0	0.0	0.0	0.0	0.0	0.0	0.0	0.0
O53	3.0	31	1.0	9	2	4	6	5	5	2.0	5	4	3	16	4	4.0	6	4.0	2.0	7	2.0	16	8.0	4	3	4	8	2.0	3	10	1.0	2.0	2.0	1.0	3	5	2.0	14	2.0	5	3	2.0	2.0	2.0	2.0	1.0	1.0	3.0	2.0	0.0	2	2.0	2.0	2.0	3.0	1.0	2.0	0.0	1.0	2.0	1.0	1.0	2.0	2.0	1	1.0	1.0	5.0	4.0	1.0	1.0	1.0	1.0	2.0	3.0	2.0	1.0	1.0	1.0	2	1.0	1.0	1.0	0.0	1.0	1.0	1.0	1.0	1.0	1.0	0.0	0.0	0.0	0.0	4.0	0.0	0.0	0.0	2.0	0.0	0.0	0.0	0.0	0.0	0.0	0.0	0.0	0.0	0.0	0.0	0.0	1.0	0.0	2.0	1.0	2.0	0.0	0.0	0.0	0.0	0.0	0.0	0.0	0.0	0.0	0.0	0.0	0.0	0.0	0.0	0.0	0.0	0.0	0.0	0.0	0.0	2.0	2.0	0.0	0.0	0.0	0.0	0.0	0.0	0.0	0.0	0.0	0.0	0.0	0.0	0.0	0.0	0.0
O54	3.0	27	1.0	7	2	5	4	1	3	2.0	5	4	3	7	2	4.0	6	1.0	2.0	6	2.0	11	5.0	1	3	2	4	0.0	2	8	1.0	0.0	2.0	1.0	3	5	2.0	9	2.0	5	3	2.0	2.0	2.0	2.0	0.0	1.0	3.0	0.0	1.0	2	0.0	4.0	2.0	2.0	1.0	0.0	0.0	0.0	1.0	0.0	1.0	1.0	3.0	2	1.0	1.0	2.0	4.0	1.0	1.0	1.0	0.0	1.0	1.0	0.0	1.0	1.0	1.0	1	1.0	1.0	1.0	0.0	0.0	1.0	0.0	0.0	1.0	0.0	1.0	0.0	0.0	0.0	2.0	0.0	1.0	0.0	0.0	0.0	0.0	0.0	0.0	0.0	2.0	2.0	0.0	0.0	0.0	0.0	0.0	0.0	0.0	0.0	0.0	0.0	0.0	0.0	0.0	0.0	0.0	0.0	0.0	0.0	0.0	0.0	0.0	0.0	0.0	0.0	0.0	0.0	0.0	0.0	0.0	0.0	0.0	0.0	0.0	0.0	0.0	0.0	0.0	0.0	0.0	0.0	0.0	1.0	0.0	0.0	0.0	0.0	0.0
O56	3.0	33	1.0	9	2	5	6	5	4	2.0	5	4	3	20	3	4.0	8	2.0	2.0	7	2.0	14	8.0	4	3	4	8	2.0	3	13	1.0	2.0	2.0	1.0	3	7	2.0	12	2.0	5	3	0.0	2.0	2.0	2.0	1.0	1.0	3.0	2.0	0.0	3	1.0	0.0	0.0	3.0	0.0	2.0	0.0	1.0	2.0	1.0	1.0	2.0	2.0	3	1.0	1.0	2.0	4.0	1.0	1.0	1.0	1.0	1.0	2.0	2.0	1.0	1.0	1.0	2	1.0	1.0	1.0	2.0	1.0	1.0	1.0	1.0	1.0	1.0	0.0	0.0	0.0	0.0	0.0	0.0	0.0	0.0	0.0	0.0	0.0	1.0	2.0	0.0	0.0	0.0	0.0	0.0	0.0	0.0	0.0	0.0	0.0	0.0	0.0	0.0	0.0	0.0	0.0	0.0	0.0	0.0	0.0	0.0	0.0	0.0	0.0	0.0	0.0	0.0	0.0	0.0	0.0	0.0	0.0	0.0	0.0	0.0	0.0	0.0	0.0	0.0	0.0	0.0	0.0	0.0	0.0	0.0	0.0	0.0	0.0	0.0	0.0
O58	3.0	36	1.0	9	2	5	4	5	7	2.0	5	4	3	19	3	4.0	6	3.0	2.0	7	2.0	19	8.0	4	3	4	8	2.0	3	8	1.0	2.0	2.0	1.0	3	6	2.0	17	2.0	5	3	2.0	2.0	2.0	2.0	1.0	1.0	3.0	2.0	0.0	5	1.0	4.0	2.0	3.0	1.0	2.0	3.0	0.0	1.0	1.0	1.0	2.0	2.0	5	1.0	1.0	3.0	4.0	1.0	1.0	1.0	1.0	2.0	2.0	2.0	1.0	1.0	1.0	6	1.0	1.0	1.0	0.0	1.0	2.0	1.0	1.0	1.0	1.0	1.0	0.0	0.0	0.0	2.0	0.0	1.0	0.0	1.0	0.0	0.0	0.0	0.0	0.0	2.0	2.0	0.0	0.0	0.0	0.0	0.0	0.0	0.0	0.0	0.0	0.0	0.0	0.0	0.0	0.0	0.0	0.0	0.0	0.0	0.0	0.0	0.0	0.0	0.0	0.0	0.0	0.0	0.0	0.0	0.0	0.0	0.0	0.0	0.0	0.0	0.0	0.0	0.0	0.0	0.0	0.0	0.0	0.0	0.0	0.0	0.0	0.0	0.0
O59	3.0	32	0.0	9	2	7	4	5	4	2.0	5	4	3	23	3	4.0	6	1.0	2.0	7	2.0	18	7.0	4	3	4	8	2.0	3	7	1.0	2.0	2.0	1.0	3	5	2.0	11	2.0	5	3	2.0	2.0	2.0	2.0	1.0	2.0	3.0	2.0	1.0	2	0.0	4.0	2.0	3.0	1.0	2.0	0.0	1.0	2.0	1.0	1.0	2.0	2.0	5	1.0	1.0	2.0	4.0	1.0	1.0	1.0	1.0	1.0	2.0	2.0	1.0	1.0	1.0	4	1.0	1.0	1.0	0.0	0.0	1.0	1.0	1.0	1.0	1.0	0.0	0.0	0.0	0.0	0.0	0.0	0.0	0.0	1.0	0.0	0.0	0.0	0.0	0.0	2.0	2.0	0.0	0.0	0.0	0.0	0.0	0.0	0.0	0.0	0.0	0.0	0.0	0.0	0.0	0.0	0.0	0.0	0.0	0.0	0.0	0.0	0.0	0.0	0.0	0.0	0.0	0.0	0.0	0.0	0.0	0.0	0.0	0.0	0.0	0.0	0.0	0.0	0.0	0.0	0.0	0.0	0.0	0.0	0.0	0.0	0.0	0.0	0.0
O60	3.0	31	1.0	9	2	5	6	5	4	2.0	5	4	3	20	3	4.0	6	2.0	2.0	6	2.0	19	8.0	4	3	4	6	2.0	4	3	1.0	2.0	2.0	1.0	3	7	2.0	17	2.0	5	3	0.0	2.0	2.0	2.0	1.0	1.0	3.0	2.0	0.0	2	0.0	2.0	2.0	3.0	1.0	2.0	0.0	0.0	1.0	1.0	1.0	2.0	2.0	3	1.0	1.0	2.0	4.0	1.0	1.0	1.0	1.0	2.0	2.0	2.0	1.0	1.0	1.0	2	1.0	1.0	1.0	2.0	1.0	2.0	1.0	1.0	1.0	1.0	1.0	0.0	0.0	0.0	2.0	0.0	1.0	0.0	2.0	0.0	0.0	0.0	0.0	0.0	0.0	0.0	0.0	0.0	0.0	0.0	0.0	0.0	0.0	0.0	0.0	0.0	0.0	0.0	0.0	0.0	0.0	0.0	0.0	0.0	0.0	0.0	0.0	0.0	0.0	0.0	0.0	0.0	0.0	0.0	0.0	0.0	0.0	0.0	0.0	0.0	0.0	0.0	0.0	0.0	0.0	0.0	0.0	0.0	0.0	0.0	0.0	0.0	0.0
O61	3.0	31	1.0	9	2	5	4	5	3	2.0	5	4	3	15	3	4.0	7	2.0	2.0	7	2.0	18	8.0	4	3	4	8	2.0	3	13	1.0	2.0	2.0	1.0	3	6	2.0	17	2.0	5	3	4.0	2.0	2.0	2.0	1.0	1.0	3.0	2.0	0.0	6	0.0	2.0	2.0	3.0	0.0	2.0	3.0	0.0	1.0	1.0	1.0	2.0	2.0	3	1.0	1.0	2.0	4.0	1.0	1.0	1.0	1.0	1.0	3.0	2.0	1.0	1.0	1.0	4	1.0	1.0	1.0	3.0	1.0	5.0	1.0	1.0	1.0	1.0	1.0	0.0	0.0	0.0	2.0	0.0	1.0	0.0	2.0	0.0	0.0	0.0	0.0	0.0	0.0	0.0	0.0	0.0	0.0	0.0	1.0	0.0	0.0	0.0	0.0	0.0	0.0	0.0	0.0	0.0	0.0	0.0	0.0	0.0	0.0	0.0	0.0	0.0	0.0	0.0	0.0	0.0	0.0	0.0	0.0	0.0	0.0	0.0	0.0	0.0	0.0	0.0	0.0	0.0	0.0	0.0	0.0	0.0	0.0	0.0	0.0	0.0	0.0
O62	3.0	39	1.0	9	2	5	7	5	4	2.0	5	4	3	24	2	4.0	6	2.0	2.0	6	2.0	20	7.0	4	3	4	8	2.0	3	17	1.0	2.0	2.0	1.0	3	4	2.0	14	2.0	5	3	0.0	2.0	2.0	2.0	1.0	2.0	3.0	2.0	1.0	6	1.0	2.0	2.0	3.0	1.0	2.0	3.0	1.0	2.0	1.0	1.0	2.0	2.0	3	1.0	1.0	2.0	4.0	1.0	1.0	1.0	1.0	0.0	2.0	2.0	1.0	1.0	1.0	4	1.0	1.0	1.0	1.0	0.0	5.0	1.0	1.0	1.0	1.0	0.0	1.0	1.0	0.0	0.0	0.0	0.0	0.0	0.0	0.0	0.0	0.0	0.0	0.0	0.0	0.0	2.0	2.0	1.0	1.0	0.0	0.0	0.0	0.0	0.0	0.0	0.0	0.0	0.0	0.0	0.0	0.0	0.0	0.0	0.0	0.0	0.0	0.0	0.0	0.0	0.0	0.0	0.0	0.0	0.0	0.0	0.0	0.0	0.0	0.0	0.0	0.0	0.0	0.0	0.0	0.0	0.0	0.0	0.0	0.0	0.0	0.0	0.0
O63	3.0	35	1.0	9	2	4	6	5	4	2.0	5	4	3	13	3	4.0	7	3.0	2.0	7	2.0	27	8.0	4	3	4	8	2.0	3	16	2.0	2.0	2.0	1.0	3	4	2.0	11	2.0	5	3	5.0	2.0	2.0	2.0	1.0	1.0	3.0	2.0	0.0	2	0.0	0.0	0.0	1.0	1.0	2.0	0.0	0.0	1.0	1.0	2.0	2.0	2.0	3	1.0	1.0	2.0	4.0	1.0	1.0	1.0	1.0	2.0	2.0	2.0	1.0	1.0	1.0	2	1.0	1.0	1.0	0.0	1.0	4.0	1.0	1.0	1.0	1.0	0.0	0.0	0.0	2.0	4.0	0.0	0.0	0.0	0.0	0.0	0.0	0.0	0.0	0.0	0.0	0.0	0.0	0.0	0.0	0.0	0.0	0.0	0.0	0.0	0.0	0.0	2.0	0.0	0.0	0.0	0.0	0.0	0.0	0.0	0.0	0.0	0.0	0.0	0.0	0.0	0.0	0.0	0.0	0.0	0.0	0.0	0.0	0.0	0.0	0.0	0.0	0.0	0.0	0.0	0.0	0.0	0.0	0.0	0.0	0.0	0.0	0.0	0.0
O64	3.0	32	1.0	9	2	5	6	5	4	2.0	5	4	3	15	3	4.0	8	2.0	2.0	9	2.0	14	8.0	4	3	4	8	2.0	3	7	1.0	2.0	2.0	1.0	3	7	2.0	19	2.0	5	1	0.0	2.0	2.0	2.0	1.0	1.0	3.0	2.0	0.0	5	0.0	2.0	2.0	3.0	1.0	2.0	3.0	0.0	1.0	1.0	1.0	2.0	2.0	3	1.0	1.0	2.0	4.0	1.0	1.0	1.0	1.0	0.0	2.0	2.0	1.0	1.0	1.0	2	1.0	1.0	1.0	1.0	1.0	1.0	1.0	1.0	1.0	1.0	0.0	0.0	0.0	0.0	4.0	0.0	0.0	0.0	0.0	0.0	0.0	0.0	0.0	0.0	0.0	0.0	0.0	0.0	0.0	0.0	0.0	0.0	0.0	0.0	0.0	0.0	0.0	0.0	0.0	0.0	0.0	0.0	0.0	0.0	0.0	0.0	0.0	0.0	0.0	0.0	0.0	0.0	0.0	0.0	0.0	0.0	0.0	0.0	0.0	0.0	0.0	0.0	0.0	2.0	0.0	0.0	0.0	0.0	2.0	2.0	0.0	0.0	0.0
O65	3.0	36	1.0	9	2	7	5	5	3	2.0	5	4	3	17	3	4.0	7	3.0	2.0	7	2.0	25	8.0	4	3	4	8	2.0	3	9	1.0	2.0	2.0	1.0	3	8	2.0	14	2.0	5	3	2.0	2.0	2.0	2.0	1.0	2.0	3.0	2.0	1.0	5	2.0	2.0	2.0	3.0	1.0	2.0	3.0	0.0	1.0	1.0	1.0	2.0	2.0	1	1.0	1.0	2.0	4.0	1.0	1.0	1.0	1.0	1.0	2.0	2.0	1.0	1.0	1.0	1	1.0	1.0	1.0	1.0	1.0	2.0	1.0	1.0	1.0	1.0	0.0	0.0	0.0	0.0	2.0	0.0	1.0	0.0	2.0	2.0	0.0	0.0	0.0	0.0	0.0	0.0	0.0	0.0	0.0	0.0	1.0	1.0	0.0	0.0	0.0	0.0	0.0	0.0	0.0	0.0	0.0	0.0	0.0	0.0	0.0	0.0	0.0	0.0	0.0	0.0	0.0	0.0	0.0	0.0	0.0	0.0	0.0	0.0	0.0	0.0	0.0	0.0	0.0	0.0	0.0	0.0	0.0	0.0	0.0	0.0	0.0	0.0	0.0
O66	3.0	38	0.0	9	2	8	6	5	4	2.0	5	4	3	16	3	4.0	6	2.0	2.0	7	2.0	14	8.0	4	3	4	7	2.0	3	4	1.0	2.0	2.0	1.0	3	6	2.0	14	2.0	5	3	4.0	2.0	2.0	2.0	1.0	1.0	3.0	2.0	0.0	5	1.0	2.0	2.0	3.0	1.0	2.0	3.0	1.0	2.0	1.0	1.0	2.0	2.0	3	1.0	1.0	2.0	4.0	1.0	1.0	1.0	1.0	1.0	2.0	2.0	1.0	1.0	1.0	2	1.0	1.0	1.0	0.0	1.0	1.0	1.0	1.0	1.0	1.0	0.0	0.0	0.0	0.0	0.0	0.0	1.0	0.0	0.0	0.0	0.0	0.0	0.0	0.0	0.0	0.0	0.0	0.0	0.0	0.0	0.0	0.0	0.0	0.0	0.0	0.0	0.0	0.0	0.0	0.0	0.0	0.0	0.0	0.0	0.0	0.0	0.0	0.0	0.0	0.0	0.0	0.0	0.0	0.0	0.0	0.0	0.0	0.0	0.0	0.0	0.0	0.0	0.0	0.0	0.0	0.0	0.0	0.0	0.0	0.0	0.0	0.0	0.0
O68	3.0	42	0.0	9	3	8	6	5	4	2.0	5	4	3	19	3	4.0	6	4.0	2.0	7	2.0	23	8.0	4	3	4	8	2.0	3	6	1.0	2.0	2.0	1.0	3	6	2.0	11	2.0	5	1	0.0	2.0	2.0	2.0	1.0	1.0	3.0	2.0	0.0	5	1.0	2.0	2.0	3.0	3.0	2.0	3.0	1.0	2.0	1.0	1.0	2.0	2.0	3	1.0	1.0	2.0	4.0	1.0	1.0	1.0	1.0	1.0	2.0	2.0	1.0	1.0	1.0	2	1.0	1.0	1.0	0.0	1.0	1.0	1.0	1.0	1.0	1.0	0.0	0.0	0.0	0.0	0.0	0.0	0.0	0.0	0.0	0.0	0.0	0.0	0.0	0.0	0.0	0.0	0.0	0.0	0.0	0.0	0.0	0.0	0.0	0.0	0.0	0.0	0.0	2.0	0.0	2.0	0.0	0.0	0.0	0.0	0.0	0.0	0.0	0.0	0.0	0.0	0.0	0.0	0.0	0.0	0.0	0.0	0.0	0.0	0.0	0.0	0.0	0.0	0.0	0.0	0.0	0.0	0.0	0.0	0.0	0.0	0.0	0.0	0.0
O69	3.0	34	1.0	9	2	5	4	5	3	2.0	5	4	3	21	3	4.0	7	4.0	2.0	7	2.0	18	8.0	4	3	4	8	2.0	3	39	1.0	2.0	2.0	1.0	3	6	2.0	17	2.0	5	3	0.0	0.0	2.0	2.0	1.0	2.0	3.0	2.0	1.0	3	1.0	4.0	2.0	3.0	1.0	0.0	0.0	0.0	1.0	2.0	1.0	2.0	2.0	5	1.0	1.0	2.0	4.0	1.0	1.0	1.0	1.0	1.0	2.0	2.0	1.0	1.0	1.0	2	1.0	1.0	1.0	1.0	1.0	12.0	1.0	1.0	1.0	1.0	1.0	0.0	0.0	0.0	2.0	0.0	1.0	0.0	1.0	0.0	0.0	0.0	0.0	2.0	2.0	2.0	0.0	0.0	0.0	0.0	0.0	0.0	0.0	0.0	0.0	0.0	0.0	0.0	0.0	0.0	0.0	0.0	0.0	0.0	0.0	0.0	0.0	0.0	0.0	0.0	0.0	0.0	0.0	0.0	0.0	0.0	0.0	0.0	0.0	0.0	0.0	0.0	0.0	0.0	0.0	0.0	0.0	0.0	0.0	0.0	0.0	0.0	0.0
O7	3.0	32	1.0	9	2	7	6	5	3	2.0	5	4	3	16	3	4.0	6	1.0	2.0	7	2.0	14	8.0	4	3	4	8	2.0	3	7	1.0	2.0	2.0	1.0	3	5	2.0	11	2.0	5	3	4.0	2.0	2.0	2.0	1.0	2.0	3.0	2.0	0.0	5	0.0	2.0	2.0	3.0	4.0	2.0	3.0	1.0	2.0	1.0	1.0	2.0	2.0	3	1.0	1.0	2.0	4.0	1.0	1.0	1.0	1.0	1.0	2.0	2.0	1.0	1.0	1.0	2	1.0	1.0	1.0	0.0	1.0	1.0	1.0	1.0	1.0	1.0	0.0	0.0	0.0	0.0	0.0	0.0	0.0	0.0	2.0	0.0	1.0	0.0	0.0	0.0	0.0	0.0	0.0	0.0	1.0	0.0	0.0	0.0	0.0	0.0	0.0	0.0	0.0	0.0	0.0	0.0	0.0	0.0	0.0	0.0	1.0	0.0	0.0	0.0	0.0	0.0	0.0	0.0	0.0	0.0	0.0	0.0	0.0	0.0	0.0	0.0	0.0	0.0	0.0	0.0	0.0	0.0	0.0	0.0	0.0	0.0	0.0	0.0	0.0
O70	3.0	37	1.0	9	2	5	4	5	4	2.0	5	4	3	17	2	4.0	8	3.0	2.0	7	2.0	18	8.0	4	3	4	8	2.0	3	11	1.0	2.0	2.0	1.0	3	6	2.0	14	2.0	5	3	0.0	2.0	2.0	2.0	1.0	2.0	3.0	2.0	1.0	6	1.0	2.0	2.0	3.0	0.0	2.0	3.0	1.0	2.0	1.0	1.0	2.0	2.0	3	1.0	1.0	2.0	4.0	1.0	1.0	1.0	1.0	1.0	2.0	2.0	1.0	1.0	1.0	2	1.0	1.0	1.0	0.0	1.0	1.0	1.0	1.0	1.0	1.0	0.0	1.0	1.0	0.0	0.0	0.0	0.0	0.0	2.0	0.0	0.0	0.0	0.0	0.0	0.0	0.0	2.0	2.0	0.0	0.0	0.0	0.0	0.0	0.0	0.0	0.0	0.0	0.0	0.0	0.0	0.0	0.0	0.0	0.0	0.0	0.0	0.0	0.0	0.0	0.0	0.0	0.0	0.0	0.0	0.0	0.0	0.0	0.0	0.0	0.0	0.0	0.0	0.0	0.0	0.0	0.0	0.0	0.0	0.0	0.0	0.0	0.0	0.0
O71	3.0	35	1.0	9	2	5	4	5	4	2.0	5	4	3	17	3	2.0	7	4.0	2.0	7	2.0	16	8.0	4	3	4	8	2.0	3	29	1.0	2.0	2.0	1.0	3	6	2.0	15	2.0	5	3	0.0	0.0	2.0	2.0	1.0	2.0	3.0	2.0	1.0	3	1.0	4.0	2.0	3.0	1.0	0.0	0.0	0.0	1.0	1.0	1.0	2.0	2.0	5	1.0	1.0	2.0	4.0	1.0	1.0	1.0	1.0	1.0	2.0	2.0	1.0	1.0	1.0	4	1.0	0.0	1.0	1.0	1.0	10.0	1.0	1.0	1.0	1.0	0.0	0.0	0.0	0.0	2.0	0.0	1.0	0.0	1.0	0.0	0.0	0.0	0.0	2.0	2.0	2.0	0.0	0.0	0.0	0.0	0.0	0.0	0.0	0.0	0.0	0.0	0.0	0.0	0.0	0.0	0.0	0.0	0.0	0.0	0.0	0.0	0.0	0.0	0.0	0.0	0.0	0.0	0.0	0.0	0.0	0.0	0.0	0.0	0.0	0.0	0.0	0.0	0.0	0.0	0.0	0.0	0.0	0.0	0.0	0.0	0.0	0.0	0.0
O73	3.0	30	1.0	9	2	7	4	5	3	2.0	5	4	3	18	2	4.0	7	3.0	2.0	7	2.0	22	8.0	4	3	4	8	2.0	3	6	1.0	2.0	2.0	1.0	3	5	2.0	11	2.0	5	3	4.0	0.0	2.0	2.0	1.0	3.0	3.0	2.0	1.0	2	0.0	2.0	2.0	1.0	4.0	2.0	0.0	0.0	1.0	1.0	1.0	2.0	2.0	1	1.0	1.0	2.0	4.0	1.0	1.0	1.0	1.0	1.0	2.0	2.0	1.0	1.0	1.0	2	1.0	1.0	1.0	1.0	0.0	2.0	1.0	1.0	1.0	1.0	0.0	0.0	0.0	0.0	2.0	0.0	1.0	0.0	2.0	0.0	1.0	0.0	0.0	0.0	0.0	0.0	0.0	2.0	0.0	0.0	1.0	1.0	0.0	0.0	0.0	0.0	0.0	0.0	2.0	0.0	0.0	0.0	0.0	0.0	0.0	0.0	0.0	0.0	1.0	0.0	0.0	0.0	0.0	0.0	0.0	0.0	0.0	0.0	0.0	0.0	0.0	0.0	0.0	0.0	0.0	0.0	0.0	0.0	0.0	0.0	0.0	0.0	0.0
O74	3.0	37	1.0	9	2	4	4	5	5	2.0	5	4	3	17	3	4.0	6	3.0	2.0	7	2.0	15	8.0	4	3	4	8	2.0	3	12	1.0	2.0	2.0	1.0	3	6	2.0	16	2.0	5	3	2.0	0.0	2.0	2.0	1.0	2.0	3.0	2.0	1.0	5	1.0	4.0	2.0	3.0	1.0	2.0	3.0	0.0	1.0	1.0	1.0	2.0	2.0	5	1.0	1.0	2.0	4.0	1.0	1.0	1.0	1.0	1.0	2.0	2.0	1.0	1.0	0.0	2	1.0	1.0	1.0	1.0	1.0	2.0	1.0	1.0	1.0	1.0	0.0	0.0	0.0	0.0	2.0	0.0	1.0	0.0	3.0	0.0	0.0	0.0	0.0	0.0	2.0	2.0	0.0	0.0	0.0	0.0	0.0	0.0	0.0	0.0	0.0	0.0	0.0	0.0	0.0	0.0	0.0	0.0	0.0	0.0	0.0	0.0	0.0	0.0	0.0	0.0	0.0	0.0	0.0	0.0	0.0	0.0	0.0	0.0	0.0	0.0	0.0	0.0	0.0	0.0	0.0	0.0	0.0	0.0	0.0	0.0	0.0	0.0	0.0
O75	3.0	37	1.0	9	2	4	6	5	4	2.0	5	4	3	16	3	4.0	8	2.0	2.0	7	2.0	15	7.0	4	3	4	8	2.0	3	4	2.0	2.0	2.0	1.0	3	8	2.0	17	2.0	5	3	0.0	2.0	2.0	2.0	1.0	2.0	3.0	2.0	1.0	5	1.0	2.0	2.0	3.0	4.0	2.0	3.0	1.0	2.0	1.0	2.0	2.0	2.0	1	1.0	1.0	1.0	4.0	1.0	1.0	1.0	1.0	2.0	2.0	2.0	1.0	1.0	1.0	2	1.0	1.0	1.0	2.0	1.0	1.0	1.0	1.0	1.0	1.0	0.0	1.0	1.0	0.0	6.0	0.0	0.0	0.0	0.0	0.0	0.0	0.0	0.0	0.0	0.0	0.0	0.0	0.0	1.0	0.0	0.0	0.0	0.0	0.0	0.0	0.0	2.0	1.0	2.0	1.0	1.0	0.0	0.0	0.0	0.0	0.0	0.0	0.0	0.0	0.0	0.0	0.0	0.0	0.0	0.0	0.0	0.0	0.0	0.0	0.0	0.0	0.0	0.0	0.0	0.0	0.0	0.0	0.0	0.0	0.0	0.0	0.0	0.0
O76	2.0	26	1.0	9	1	2	2	5	3	2.0	5	4	2	10	3	2.0	6	2.0	0.0	7	0.0	17	7.0	4	3	2	6	2.0	3	15	1.0	2.0	2.0	1.0	3	6	2.0	13	2.0	5	3	0.0	0.0	0.0	2.0	1.0	2.0	1.0	2.0	1.0	3	0.0	2.0	2.0	2.0	0.0	2.0	3.0	0.0	1.0	1.0	1.0	1.0	0.0	1	1.0	1.0	1.0	2.0	1.0	1.0	1.0	1.0	1.0	2.0	2.0	1.0	1.0	1.0	2	1.0	1.0	0.0	1.0	1.0	6.0	1.0	1.0	0.0	0.0	1.0	0.0	0.0	0.0	2.0	0.0	1.0	0.0	0.0	0.0	0.0	0.0	0.0	0.0	0.0	0.0	0.0	0.0	0.0	0.0	0.0	0.0	0.0	2.0	1.0	0.0	0.0	0.0	0.0	0.0	0.0	0.0	0.0	0.0	0.0	0.0	0.0	0.0	0.0	0.0	0.0	0.0	0.0	0.0	0.0	0.0	0.0	0.0	0.0	0.0	0.0	0.0	0.0	0.0	0.0	0.0	0.0	0.0	0.0	0.0	0.0	0.0	0.0
O77	3.0	31	1.0	9	2	7	4	5	3	2.0	5	4	3	18	3	4.0	8	2.0	2.0	7	2.0	18	8.0	4	3	4	8	2.0	3	11	1.0	2.0	2.0	1.0	3	7	2.0	11	2.0	5	3	0.0	2.0	2.0	2.0	1.0	1.0	3.0	2.0	2.0	3	0.0	2.0	2.0	3.0	4.0	2.0	3.0	0.0	1.0	1.0	1.0	2.0	2.0	1	1.0	1.0	2.0	4.0	1.0	1.0	1.0	1.0	1.0	2.0	2.0	1.0	1.0	1.0	2	1.0	1.0	1.0	1.0	1.0	3.0	1.0	1.0	1.0	1.0	0.0	0.0	0.0	0.0	2.0	0.0	1.0	0.0	2.0	0.0	0.0	0.0	0.0	0.0	0.0	0.0	0.0	0.0	0.0	0.0	1.0	1.0	0.0	0.0	0.0	0.0	0.0	0.0	0.0	0.0	0.0	0.0	0.0	0.0	0.0	0.0	0.0	0.0	0.0	0.0	0.0	0.0	0.0	0.0	0.0	0.0	0.0	0.0	0.0	0.0	0.0	0.0	0.0	0.0	0.0	0.0	0.0	0.0	0.0	0.0	0.0	0.0	0.0
O78	4.0	26	1.0	9	2	4	6	5	5	2.0	5	4	3	18	3	4.0	6	3.0	2.0	7	2.0	23	8.0	4	3	4	8	2.0	3	12	1.0	2.0	2.0	1.0	3	5	2.0	14	2.0	5	3	2.0	2.0	2.0	2.0	1.0	1.0	3.0	2.0	0.0	2	2.0	2.0	2.0	3.0	1.0	2.0	0.0	1.0	2.0	1.0	1.0	2.0	2.0	1	1.0	1.0	2.0	4.0	1.0	1.0	1.0	1.0	2.0	2.0	2.0	1.0	1.0	1.0	4	1.0	1.0	1.0	0.0	0.0	1.0	1.0	1.0	1.0	1.0	0.0	0.0	0.0	0.0	2.0	0.0	0.0	0.0	2.0	0.0	0.0	0.0	0.0	0.0	0.0	0.0	0.0	0.0	0.0	0.0	0.0	0.0	0.0	2.0	1.0	2.0	0.0	1.0	0.0	1.0	0.0	0.0	0.0	0.0	0.0	0.0	0.0	0.0	0.0	0.0	0.0	0.0	0.0	0.0	0.0	0.0	0.0	0.0	0.0	0.0	0.0	0.0	0.0	0.0	0.0	0.0	0.0	0.0	0.0	0.0	0.0	0.0	0.0
O79	3.0	36	1.0	9	2	5	6	5	4	2.0	5	4	3	16	3	4.0	7	2.0	2.0	7	2.0	16	8.0	4	3	4	8	2.0	3	11	1.0	2.0	2.0	1.0	3	7	2.0	17	2.0	5	3	0.0	2.0	2.0	2.0	1.0	2.0	3.0	2.0	1.0	5	0.0	2.0	2.0	3.0	1.0	2.0	3.0	0.0	1.0	1.0	1.0	2.0	2.0	3	1.0	1.0	2.0	4.0	1.0	1.0	1.0	1.0	2.0	2.0	2.0	1.0	1.0	1.0	2	1.0	1.0	1.0	0.0	1.0	3.0	1.0	1.0	1.0	1.0	0.0	0.0	0.0	0.0	2.0	0.0	1.0	0.0	0.0	0.0	0.0	0.0	0.0	0.0	0.0	0.0	0.0	0.0	0.0	0.0	0.0	0.0	0.0	0.0	0.0	0.0	0.0	0.0	0.0	0.0	0.0	0.0	0.0	0.0	0.0	0.0	0.0	0.0	0.0	0.0	0.0	0.0	0.0	0.0	0.0	0.0	0.0	0.0	0.0	0.0	0.0	0.0	0.0	0.0	0.0	0.0	0.0	0.0	0.0	0.0	0.0	0.0	0.0
O8	3.0	30	1.0	9	2	5	6	5	5	2.0	5	4	3	27	3	4.0	7	4.0	2.0	7	2.0	19	8.0	4	3	4	8	2.0	3	11	1.0	2.0	2.0	1.0	3	6	2.0	17	2.0	5	3	2.0	2.0	2.0	2.0	1.0	2.0	3.0	2.0	1.0	2	0.0	4.0	2.0	3.0	1.0	2.0	0.0	0.0	1.0	1.0	1.0	2.0	2.0	5	1.0	1.0	2.0	4.0	1.0	1.0	1.0	1.0	2.0	2.0	2.0	1.0	1.0	1.0	2	1.0	1.0	1.0	0.0	1.0	4.0	1.0	1.0	1.0	1.0	0.0	0.0	0.0	0.0	0.0	0.0	1.0	0.0	3.0	0.0	0.0	0.0	0.0	0.0	2.0	2.0	0.0	0.0	0.0	0.0	0.0	0.0	0.0	0.0	0.0	0.0	0.0	0.0	0.0	0.0	0.0	0.0	0.0	0.0	0.0	0.0	0.0	0.0	0.0	0.0	0.0	0.0	0.0	0.0	0.0	0.0	0.0	0.0	0.0	0.0	0.0	0.0	0.0	0.0	0.0	0.0	0.0	0.0	0.0	0.0	0.0	0.0	0.0
O82	3.0	34	1.0	9	2	5	4	5	6	2.0	5	4	3	15	3	4.0	7	2.0	2.0	7	2.0	16	7.0	4	3	2	8	2.0	3	6	1.0	2.0	2.0	1.0	3	5	2.0	17	2.0	5	3	0.0	2.0	2.0	2.0	0.0	0.0	3.0	2.0	0.0	5	1.0	5.0	2.0	3.0	0.0	2.0	3.0	0.0	1.0	1.0	1.0	2.0	2.0	5	1.0	1.0	2.0	4.0	1.0	1.0	1.0	1.0	2.0	2.0	3.0	2.0	1.0	1.0	4	1.0	1.0	1.0	0.0	1.0	1.0	1.0	1.0	1.0	1.0	0.0	0.0	0.0	0.0	2.0	0.0	1.0	0.0	1.0	0.0	0.0	0.0	0.0	0.0	3.0	2.0	0.0	0.0	0.0	0.0	0.0	0.0	2.0	0.0	0.0	0.0	0.0	0.0	0.0	0.0	0.0	0.0	0.0	0.0	0.0	0.0	0.0	0.0	0.0	0.0	0.0	0.0	0.0	0.0	0.0	0.0	0.0	0.0	0.0	0.0	0.0	0.0	0.0	0.0	0.0	0.0	0.0	0.0	0.0	0.0	0.0	0.0	0.0
O85	0.0	34	1.0	9	2	4	6	5	5	0.0	5	3	2	16	1	4.0	6	4.0	2.0	7	2.0	13	7.0	4	3	4	8	2.0	3	2	2.0	2.0	2.0	1.0	3	5	0.0	13	2.0	5	3	2.0	0.0	2.0	2.0	1.0	2.0	3.0	2.0	1.0	2	2.0	2.0	2.0	1.0	1.0	2.0	0.0	1.0	2.0	1.0	2.0	1.0	0.0	1	1.0	1.0	3.0	4.0	1.0	1.0	1.0	1.0	2.0	2.0	1.0	1.0	1.0	1.0	2	0.0	1.0	1.0	2.0	1.0	2.0	1.0	1.0	1.0	1.0	1.0	0.0	0.0	0.0	2.0	0.0	0.0	0.0	0.0	0.0	0.0	0.0	0.0	0.0	0.0	0.0	0.0	0.0	0.0	0.0	0.0	0.0	0.0	0.0	0.0	0.0	0.0	0.0	0.0	0.0	0.0	0.0	0.0	0.0	0.0	0.0	0.0	0.0	0.0	0.0	0.0	0.0	0.0	0.0	0.0	0.0	0.0	0.0	0.0	0.0	0.0	0.0	0.0	0.0	0.0	0.0	0.0	0.0	0.0	0.0	0.0	0.0	0.0
O86	3.0	35	1.0	9	2	7	6	5	3	2.0	5	4	3	16	2	4.0	7	3.0	2.0	7	2.0	19	8.0	4	3	4	8	2.0	3	10	1.0	2.0	2.0	1.0	3	6	2.0	14	2.0	5	3	4.0	0.0	2.0	2.0	1.0	3.0	3.0	2.0	1.0	8	2.0	2.0	2.0	1.0	4.0	2.0	6.0	0.0	1.0	1.0	1.0	2.0	2.0	1	1.0	1.0	5.0	4.0	1.0	1.0	1.0	1.0	2.0	2.0	2.0	1.0	1.0	1.0	2	1.0	1.0	1.0	1.0	1.0	3.0	1.0	1.0	1.0	1.0	0.0	0.0	0.0	0.0	4.0	2.0	1.0	0.0	2.0	0.0	1.0	0.0	0.0	0.0	0.0	0.0	0.0	0.0	0.0	0.0	1.0	1.0	0.0	2.0	1.0	2.0	0.0	0.0	0.0	0.0	0.0	0.0	0.0	0.0	0.0	2.0	0.0	0.0	0.0	0.0	0.0	0.0	0.0	0.0	0.0	0.0	0.0	0.0	0.0	0.0	0.0	0.0	0.0	0.0	0.0	0.0	0.0	0.0	0.0	0.0	0.0	0.0	0.0
O87	3.0	30	0.0	9	2	5	6	5	4	2.0	5	4	3	21	3	4.0	7	3.0	2.0	7	2.0	14	8.0	4	3	4	8	2.0	3	4	1.0	2.0	2.0	1.0	3	4	2.0	14	2.0	5	3	2.0	2.0	2.0	2.0	1.0	2.0	3.0	2.0	1.0	5	0.0	2.0	2.0	3.0	1.0	2.0	3.0	1.0	2.0	1.0	1.0	2.0	2.0	3	1.0	1.0	2.0	4.0	1.0	1.0	1.0	1.0	1.0	2.0	2.0	1.0	1.0	1.0	2	1.0	1.0	1.0	0.0	1.0	1.0	1.0	1.0	1.0	1.0	0.0	1.0	1.0	0.0	0.0	0.0	0.0	0.0	0.0	0.0	0.0	0.0	0.0	0.0	0.0	0.0	2.0	0.0	0.0	2.0	0.0	0.0	0.0	0.0	0.0	0.0	0.0	0.0	0.0	0.0	0.0	0.0	0.0	0.0	0.0	0.0	0.0	0.0	0.0	0.0	0.0	0.0	0.0	0.0	0.0	0.0	0.0	0.0	0.0	0.0	0.0	0.0	0.0	0.0	0.0	0.0	0.0	0.0	0.0	0.0	0.0	0.0	0.0
O88	3.0	33	1.0	9	2	5	6	5	4	2.0	4	4	3	18	3	4.0	6	3.0	2.0	7	2.0	15	8.0	4	3	4	8	2.0	3	7	1.0	2.0	2.0	1.0	2	7	2.0	17	2.0	5	3	2.0	2.0	2.0	2.0	1.0	2.0	3.0	2.0	1.0	5	0.0	2.0	2.0	3.0	1.0	2.0	3.0	0.0	1.0	1.0	1.0	2.0	2.0	3	1.0	1.0	2.0	4.0	1.0	1.0	1.0	1.0	2.0	2.0	1.0	1.0	1.0	1.0	2	1.0	1.0	1.0	1.0	1.0	1.0	1.0	1.0	1.0	1.0	0.0	0.0	0.0	0.0	2.0	0.0	1.0	0.0	0.0	0.0	0.0	0.0	0.0	0.0	0.0	0.0	0.0	0.0	0.0	0.0	0.0	0.0	0.0	0.0	0.0	0.0	0.0	0.0	0.0	0.0	0.0	0.0	0.0	0.0	0.0	0.0	0.0	0.0	0.0	0.0	0.0	0.0	0.0	0.0	0.0	0.0	0.0	0.0	0.0	0.0	0.0	0.0	0.0	0.0	0.0	0.0	0.0	0.0	0.0	0.0	0.0	0.0	0.0
O9	4.0	23	1.0	9	3	5	6	5	4	2.0	5	4	3	25	2	2.0	8	2.0	2.0	7	2.0	14	9.0	4	3	4	6	2.0	3	7	1.0	2.0	2.0	1.0	3	5	2.0	16	2.0	5	3	2.0	2.0	2.0	2.0	1.0	1.0	3.0	0.0	0.0	3	0.0	2.0	2.0	3.0	0.0	2.0	0.0	1.0	2.0	1.0	1.0	2.0	2.0	1	1.0	1.0	2.0	4.0	1.0	1.0	1.0	1.0	1.0	2.0	3.0	1.0	1.0	1.0	2	1.0	1.0	1.0	0.0	0.0	1.0	1.0	1.0	1.0	1.0	0.0	0.0	0.0	0.0	0.0	0.0	0.0	0.0	0.0	0.0	0.0	0.0	0.0	0.0	0.0	0.0	0.0	0.0	0.0	0.0	0.0	0.0	0.0	0.0	0.0	0.0	0.0	0.0	0.0	0.0	0.0	0.0	0.0	0.0	0.0	0.0	0.0	0.0	0.0	0.0	0.0	0.0	0.0	0.0	0.0	0.0	0.0	0.0	0.0	0.0	0.0	0.0	0.0	0.0	0.0	0.0	0.0	0.0	0.0	0.0	0.0	0.0	0.0
O90	3.0	37	1.0	10	2	1	6	5	4	2.0	5	4	3	19	2	2.0	7	6.0	2.0	7	2.0	20	8.0	4	3	4	8	2.0	3	17	1.0	2.0	2.0	1.0	3	4	2.0	14	2.0	5	3	2.0	0.0	2.0	2.0	1.0	1.0	3.0	2.0	0.0	2	0.0	2.0	2.0	3.0	4.0	2.0	0.0	1.0	2.0	1.0	1.0	2.0	2.0	3	1.0	1.0	1.0	4.0	1.0	1.0	1.0	1.0	1.0	2.0	2.0	1.0	1.0	1.0	2	1.0	1.0	1.0	0.0	1.0	4.0	1.0	1.0	1.0	0.0	1.0	1.0	1.0	0.0	0.0	2.0	0.0	0.0	0.0	0.0	0.0	0.0	0.0	0.0	0.0	0.0	0.0	0.0	0.0	0.0	0.0	0.0	0.0	0.0	0.0	0.0	0.0	2.0	0.0	0.0	1.0	0.0	0.0	0.0	0.0	0.0	0.0	0.0	0.0	0.0	0.0	0.0	0.0	0.0	0.0	0.0	0.0	0.0	0.0	0.0	0.0	0.0	0.0	0.0	0.0	0.0	0.0	0.0	0.0	0.0	0.0	0.0	0.0
O91	3.0	31	1.0	9	2	5	5	5	5	2.0	5	4	3	16	3	4.0	7	3.0	2.0	7	2.0	18	8.0	4	3	4	5	2.0	3	19	1.0	2.0	2.0	1.0	3	7	2.0	16	2.0	5	3	0.0	2.0	2.0	2.0	1.0	1.0	3.0	2.0	0.0	2	0.0	2.0	2.0	1.0	1.0	2.0	0.0	0.0	1.0	1.0	1.0	2.0	2.0	3	1.0	1.0	1.0	4.0	1.0	1.0	1.0	1.0	2.0	3.0	2.0	1.0	1.0	1.0	4	1.0	1.0	1.0	1.0	1.0	8.0	1.0	1.0	1.0	1.0	0.0	0.0	0.0	0.0	2.0	0.0	1.0	0.0	0.0	0.0	0.0	0.0	0.0	0.0	0.0	0.0	0.0	2.0	0.0	0.0	1.0	0.0	0.0	0.0	0.0	0.0	0.0	0.0	0.0	0.0	0.0	0.0	0.0	0.0	0.0	0.0	0.0	0.0	0.0	0.0	0.0	0.0	0.0	0.0	0.0	0.0	0.0	0.0	0.0	0.0	0.0	0.0	0.0	0.0	0.0	0.0	0.0	0.0	0.0	0.0	0.0	0.0	0.0
O92	1.0	7	1.0	4	2	2	3	2	5	1.0	2	1	1	3	2	2.0	3	0.0	1.0	2	1.0	5	0.0	1	1	2	3	1.0	1	4	1.0	1.0	1.0	1.0	1	2	1.0	3	1.0	1	1	1.0	1.0	1.0	1.0	1.0	0.0	1.0	1.0	1.0	2	0.0	1.0	1.0	1.0	0.0	1.0	1.0	0.0	0.0	0.0	0.0	0.0	0.0	1	0.0	0.0	0.0	0.0	0.0	0.0	0.0	0.0	0.0	0.0	0.0	0.0	0.0	0.0	1	0.0	0.0	0.0	0.0	0.0	0.0	0.0	0.0	0.0	0.0	0.0	0.0	0.0	0.0	0.0	0.0	0.0	0.0	0.0	0.0	0.0	0.0	0.0	0.0	0.0	0.0	1.0	0.0	1.0	0.0	0.0	0.0	0.0	0.0	0.0	0.0	0.0	0.0	0.0	0.0	0.0	0.0	0.0	0.0	0.0	0.0	0.0	0.0	0.0	0.0	0.0	0.0	0.0	0.0	0.0	0.0	0.0	0.0	0.0	0.0	0.0	0.0	0.0	0.0	0.0	0.0	0.0	0.0	0.0	0.0	0.0	0.0	0.0
O93	3.0	31	1.0	9	2	5	4	5	4	2.0	5	4	3	17	3	4.0	7	2.0	2.0	7	2.0	14	8.0	4	3	4	8	2.0	3	8	1.0	2.0	2.0	1.0	3	5	2.0	17	2.0	5	3	4.0	2.0	2.0	2.0	1.0	2.0	3.0	2.0	1.0	5	0.0	2.0	2.0	3.0	1.0	2.0	3.0	0.0	1.0	1.0	1.0	2.0	2.0	3	1.0	1.0	2.0	4.0	1.0	1.0	1.0	1.0	2.0	2.0	2.0	1.0	1.0	1.0	2	1.0	1.0	1.0	1.0	1.0	1.0	1.0	1.0	1.0	1.0	1.0	0.0	0.0	0.0	2.0	0.0	1.0	0.0	0.0	0.0	0.0	0.0	0.0	0.0	0.0	0.0	0.0	0.0	0.0	0.0	0.0	0.0	0.0	0.0	0.0	0.0	0.0	0.0	0.0	0.0	0.0	0.0	0.0	0.0	0.0	0.0	0.0	0.0	0.0	0.0	0.0	0.0	0.0	0.0	0.0	0.0	0.0	0.0	0.0	0.0	0.0	0.0	0.0	0.0	0.0	0.0	0.0	0.0	0.0	0.0	0.0	0.0	0.0
O95	3.0	32	1.0	9	2	5	6	5	4	2.0	3	2	3	19	3	4.0	7	3.0	2.0	7	2.0	14	8.0	4	3	4	8	2.0	3	11	1.0	2.0	2.0	1.0	3	4	2.0	12	2.0	5	3	0.0	2.0	2.0	2.0	1.0	2.0	3.0	2.0	1.0	2	1.0	2.0	2.0	3.0	1.0	2.0	0.0	1.0	2.0	1.0	1.0	2.0	2.0	3	1.0	1.0	2.0	4.0	1.0	1.0	1.0	1.0	1.0	2.0	2.0	1.0	1.0	1.0	4	1.0	1.0	1.0	0.0	1.0	4.0	1.0	1.0	1.0	1.0	0.0	1.0	1.0	0.0	0.0	0.0	0.0	0.0	0.0	0.0	0.0	0.0	0.0	0.0	0.0	0.0	2.0	0.0	0.0	0.0	0.0	0.0	0.0	0.0	0.0	0.0	0.0	0.0	0.0	0.0	0.0	0.0	0.0	0.0	0.0	0.0	0.0	0.0	0.0	0.0	0.0	0.0	0.0	0.0	0.0	0.0	0.0	0.0	0.0	0.0	0.0	0.0	0.0	0.0	0.0	0.0	0.0	0.0	0.0	0.0	0.0	0.0	0.0
O96	3.0	36	1.0	9	2	5	4	5	4	2.0	5	4	3	18	3	4.0	7	2.0	2.0	7	2.0	19	8.0	4	3	4	8	2.0	3	13	1.0	2.0	2.0	1.0	3	7	2.0	17	2.0	5	3	0.0	2.0	2.0	2.0	1.0	2.0	3.0	2.0	1.0	5	0.0	2.0	2.0	3.0	1.0	2.0	2.0	0.0	1.0	1.0	1.0	2.0	2.0	3	1.0	1.0	2.0	4.0	1.0	1.0	1.0	1.0	1.0	2.0	2.0	1.0	1.0	1.0	2	1.0	1.0	1.0	0.0	1.0	1.0	1.0	0.0	1.0	1.0	0.0	0.0	0.0	0.0	2.0	0.0	1.0	0.0	2.0	0.0	0.0	0.0	0.0	0.0	0.0	0.0	0.0	0.0	0.0	0.0	0.0	0.0	0.0	0.0	0.0	0.0	0.0	0.0	0.0	0.0	0.0	0.0	0.0	0.0	0.0	0.0	0.0	0.0	0.0	0.0	0.0	0.0	0.0	0.0	0.0	0.0	0.0	0.0	0.0	0.0	0.0	0.0	0.0	0.0	0.0	0.0	0.0	0.0	0.0	0.0	0.0	0.0	0.0
O97	3.0	34	1.0	9	2	5	4	5	5	2.0	5	4	3	19	3	4.0	6	2.0	2.0	7	2.0	14	8.0	4	3	4	8	2.0	3	17	1.0	2.0	0.0	1.0	3	7	2.0	17	2.0	5	1	0.0	2.0	2.0	2.0	1.0	2.0	3.0	2.0	1.0	6	0.0	4.0	2.0	3.0	1.0	2.0	3.0	0.0	1.0	1.0	1.0	2.0	2.0	3	1.0	1.0	2.0	4.0	1.0	1.0	1.0	1.0	1.0	2.0	2.0	1.0	1.0	1.0	4	1.0	1.0	1.0	2.0	0.0	7.0	1.0	1.0	1.0	1.0	0.0	0.0	0.0	0.0	2.0	0.0	0.0	0.0	1.0	0.0	0.0	0.0	0.0	0.0	2.0	2.0	0.0	0.0	0.0	0.0	0.0	0.0	0.0	0.0	0.0	0.0	0.0	0.0	0.0	0.0	0.0	0.0	0.0	0.0	0.0	0.0	0.0	0.0	0.0	0.0	0.0	0.0	0.0	0.0	0.0	0.0	0.0	0.0	0.0	0.0	0.0	0.0	0.0	0.0	0.0	0.0	0.0	0.0	0.0	0.0	0.0	0.0	0.0
O98	3.0	32	1.0	9	2	7	4	5	5	2.0	5	4	3	23	3	4.0	7	5.0	2.0	7	2.0	18	8.0	4	3	4	8	2.0	3	15	1.0	2.0	2.0	1.0	3	5	2.0	17	2.0	5	3	0.0	0.0	2.0	2.0	1.0	1.0	3.0	2.0	0.0	4	0.0	2.0	0.0	3.0	1.0	2.0	1.0	0.0	1.0	1.0	1.0	2.0	2.0	5	1.0	1.0	2.0	4.0	1.0	1.0	1.0	1.0	1.0	3.0	2.0	1.0	1.0	1.0	4	1.0	1.0	1.0	1.0	1.0	2.0	1.0	1.0	1.0	1.0	0.0	0.0	0.0	0.0	0.0	0.0	1.0	0.0	3.0	0.0	0.0	0.0	0.0	2.0	2.0	2.0	0.0	0.0	0.0	0.0	1.0	0.0	0.0	0.0	0.0	0.0	0.0	1.0	0.0	1.0	0.0	0.0	0.0	0.0	0.0	0.0	0.0	0.0	0.0	0.0	0.0	0.0	0.0	0.0	0.0	0.0	0.0	0.0	0.0	0.0	0.0	0.0	0.0	0.0	0.0	0.0	0.0	0.0	0.0	0.0	0.0	0.0	0.0
O99	3.0	37	1.0	9	2	4	6	5	5	2.0	5	4	3	22	3	4.0	7	3.0	2.0	7	2.0	15	8.0	4	3	4	8	2.0	3	3	2.0	2.0	2.0	1.0	3	5	2.0	14	2.0	5	3	0.0	2.0	2.0	2.0	1.0	1.0	3.0	2.0	0.0	5	0.0	2.0	2.0	3.0	4.0	2.0	3.0	1.0	2.0	1.0	2.0	2.0	2.0	1	1.0	1.0	2.0	4.0	1.0	1.0	1.0	1.0	2.0	2.0	2.0	1.0	1.0	1.0	4	1.0	1.0	1.0	1.0	1.0	1.0	1.0	1.0	1.0	1.0	0.0	0.0	0.0	0.0	4.0	0.0	0.0	0.0	0.0	0.0	0.0	0.0	0.0	0.0	0.0	0.0	0.0	0.0	0.0	0.0	0.0	0.0	0.0	2.0	1.0	2.0	2.0	0.0	2.0	0.0	0.0	0.0	0.0	0.0	0.0	0.0	0.0	0.0	0.0	0.0	0.0	0.0	0.0	0.0	0.0	0.0	0.0	0.0	0.0	0.0	0.0	0.0	0.0	0.0	0.0	0.0	0.0	0.0	0.0	0.0	0.0	0.0	0.0
O9a	3.0	28	1.0	9	2	5	6	5	4	2.0	5	4	3	16	3	4.0	7	3.0	2.0	7	2.0	21	8.0	4	3	4	8	2.0	3	3	1.0	2.0	2.0	1.0	3	7	2.0	17	2.0	5	3	4.0	2.0	2.0	2.0	1.0	3.0	3.0	2.0	1.0	2	1.0	2.0	2.0	3.0	1.0	2.0	0.0	1.0	2.0	1.0	1.0	2.0	2.0	3	1.0	1.0	2.0	4.0	1.0	1.0	1.0	1.0	2.0	3.0	2.0	1.0	1.0	1.0	4	1.0	1.0	1.0	2.0	1.0	1.0	1.0	1.0	1.0	1.0	0.0	0.0	0.0	0.0	0.0	0.0	1.0	0.0	2.0	0.0	1.0	0.0	0.0	0.0	0.0	0.0	0.0	0.0	0.0	0.0	1.0	0.0	0.0	0.0	0.0	0.0	0.0	0.0	0.0	0.0	0.0	0.0	0.0	0.0	0.0	0.0	0.0	0.0	0.0	0.0	0.0	0.0	0.0	0.0	0.0	0.0	0.0	0.0	0.0	0.0	0.0	0.0	0.0	0.0	0.0	0.0	0.0	0.0	0.0	0.0	0.0	0.0	2.0
