sample_id	locus_gene_count	dbcan_locus_matched_proteins	kw_acetyltransferase	kw_dehydrogenase	kw_epimerase	kw_flippase	kw_glycosyltransferase	kw_isomerase	kw_kinase	kw_ligase	kw_mutase	kw_polymerase	kw_transferase	kw_transporter	locus_GT_total	locus_GH_total	locus_GH177	locus_GH28	locus_GT100	locus_GT11	locus_GT111	locus_GT113	locus_GT116	locus_GT14	locus_GT2	locus_GT25	locus_GT26	locus_GT32	locus_GT4	locus_GT52	locus_GT6	locus_GT94	prod_tok_2c6	prod_tok_acid	prod_tok_amp	prod_tok_antitoxin	prod_tok_atp	prod_tok_bifunctional	prod_tok_carboxamide	prod_tok_colanic	prod_tok_containing	prod_tok_cpsg	prod_tok_dehydratase	prod_tok_dehydrogenase	prod_tok_dtdp	prod_tok_epimerase	prod_tok_flippase	prod_tok_galf	prod_tok_gdp	prod_tok_glucose	prod_tok_glycerol	prod_tok_glycosyltransferase	prod_tok_guanyltransferase	prod_tok_hisf	prod_tok_hish	prod_tok_histidinol	prod_tok_hydrolase	prod_tok_imidazole	prod_tok_isomerase	prod_tok_mannose	prod_tok_methylideneamino	prod_tok_nadp	prod_tok_phosphatase	prod_tok_phosphate	prod_tok_phosphogluconate	prod_tok_phosphomannomutase	prod_tok_phosphoribosyl	prod_tok_phosphoribosylamino	prod_tok_polymerase	prod_tok_pyruvyl	prod_tok_synthase	prod_tok_toxin	 prodTok_transaminase	 prodTok_transferase	 prodTok_udp	 prodTok_undecaprenyl	 prodTok_wcak	 prodTok_wcal	 prodTok_wcam	 prodTok_yefm	 prodTok_yoeb
O10	44	2	0	3	1	2	4	1	0	0	1	1	12	0	2	0	0	0	0	0	0	0	0	0	0	0	0	0	2	0	0	0	1	1	1	0	1	1	1	1	0	1	1	1	1	1	1	1	1	1	1	1	1	1	1	1	1	1	1	1	1	1	1	1	1	1	1	1	1	1	1	0	1	1	1	1	1	1	1	0	0
O100	56	4	0	3	5	3	5	1	0	0	1	1	16	0	4	0	0	0	0	0	0	0	0	0	1	0	0	0	3	0	0	0	1	1	1	1	1	1	1	1	1	1	1	1	1	1	1	1	1	1	1	1	1	1	1	1	1	1	1	1	1	1	1	1	1	1	1	1	1	1	1	1	1	1	1	1	1	1	1	1	1
O101	38	4	1	2	2	1	7	2	0	0	1	0	15	3	4	0	0	0	0	0	0	0	0	0	0	0	0	0	4	0	0	0	1	1	1	0	1	1	1	1	0	1	1	1	0	1	1	1	1	1	1	1	1	1	1	1	1	1	1	1	1	1	1	1	1	1	1	1	0	1	1	0	0	1	1	1	1	1	1	0	0
O103	44	5	2	3	1	2	5	2	0	0	1	1	15	1	5	0	0	0	0	0	0	0	0	0	2	0	0	0	3	0	0	0	1	1	1	1	1	1	1	1	1	1	1	1	1	1	1	1	1	1	1	1	1	1	1	1	1	1	1	1	1	1	1	1	1	1	1	1	1	1	1	1	1	1	1	1	1	1	1	1	1
O104	43	4	1	3	2	2	4	1	0	0	1	1	13	1	4	0	0	0	1	0	0	0	0	0	1	0	0	0	2	0	0	0	0	1	1	1	1	1	1	1	1	1	1	1	0	1	1	1	1	1	1	1	1	1	1	1	1	1	1	1	1	1	1	1	1	1	1	1	1	1	1	1	1	1	1	1	1	1	1	1	1
O105	46	2	1	3	1	2	5	1	0	0	1	1	14	1	2	0	0	0	0	0	0	0	1	0	0	0	0	0	1	0	0	0	1	1	1	1	1	1	1	1	1	1	1	1	1	1	1	1	1	1	1	1	1	1	1	1	1	1	1	1	1	1	1	1	1	1	1	1	1	1	1	1	1	1	1	1	1	1	1	1	1
O107	43	5	0	3	3	2	5	1	0	0	1	1	12	0	5	0	0	0	0	0	0	0	0	0	3	0	0	0	2	0	0	0	1	1	1	1	1	1	1	1	1	1	1	1	1	1	1	1	1	1	1	1	1	1	1	1	1	1	1	1	1	1	1	1	1	1	1	1	1	1	1	1	1	1	1	1	1	1	1	1	1
O108	41	1	1	3	3	2	3	1	0	0	1	1	11	0	1	0	0	0	0	0	0	0	0	0	0	0	0	0	1	0	0	0	1	1	1	1	1	1	1	1	1	1	1	1	0	1	1	1	0	1	1	1	0	1	1	1	0	1	1	0	1	1	1	1	1	1	1	1	1	1	1	1	1	1	1	1	1	1	1	1	1
O109	48	3	3	3	2	2	4	1	0	0	1	2	16	1	3	0	0	0	0	0	0	0	0	0	1	0	0	0	2	0	0	0	1	1	1	1	1	1	1	1	1	1	1	1	1	1	1	1	1	1	1	1	1	1	1	1	1	1	1	1	1	1	1	1	1	1	1	1	1	1	1	1	1	1	1	1	1	1	1	1	1
O11	40	5	1	3	2	2	7	2	0	0	2	2	15	0	5	0	0	0	0	0	0	0	0	0	2	0	0	0	3	0	0	0	1	1	1	0	1	1	1	1	0	1	1	1	0	1	1	1	1	1	1	1	1	1	1	1	1	1	1	1	1	1	1	1	1	1	1	1	1	1	1	0	1	1	1	1	1	1	1	0	0
O110	45	4	1	3	1	2	5	1	0	0	1	2	13	1	4	0	0	0	0	0	0	0	0	0	0	0	0	0	4	0	0	0	1	1	1	1	1	1	1	1	1	1	1	1	0	1	1	1	1	1	1	1	1	1	1	1	1	1	1	1	1	1	1	1	1	1	1	1	1	1	1	1	1	1	1	1	1	1	1	1	1
O111	48	4	2	3	1	1	6	2	1	0	1	2	11	0	4	0	0	0	0	0	0	0	0	0	2	0	0	0	2	0	0	0	1	1	1	1	1	1	1	1	1	0	1	1	0	1	1	1	1	1	1	1	0	1	1	1	1	1	1	1	1	1	1	1	1	1	1	1	1	0	1	1	1	0	1	0	0	0	0	1	1
O112ab	41	4	1	3	3	2	6	1	0	0	1	2	13	0	4	0	0	0	0	0	0	0	0	0	2	0	0	0	2	0	0	0	1	1	1	1	1	1	1	1	1	1	1	1	0	1	1	1	1	1	1	1	1	1	1	1	1	1	1	1	1	1	1	1	1	1	1	1	1	1	1	1	1	1	1	1	1	1	1	1	1
O113	44	5	2	3	2	2	8	1	0	0	1	2	17	0	5	0	0	0	0	0	0	0	0	0	2	0	0	0	3	0	0	0	1	1	1	1	1	1	1	1	1	1	1	1	0	1	1	1	1	1	1	1	1	1	1	1	1	1	1	1	1	1	1	1	1	1	1	1	1	1	1	1	1	1	1	1	1	1	1	1	1
O114	44	2	2	3	0	2	3	2	0	0	1	1	14	1	2	0	0	0	0	0	0	0	0	0	1	0	0	0	1	0	0	0	1	1	1	1	1	1	1	1	1	1	1	1	1	0	1	1	1	1	1	1	1	1	1	1	1	1	1	1	1	1	1	1	1	1	1	1	1	1	1	1	1	1	1	1	1	1	1	1	1
O115	44	4	1	3	2	2	5	2	0	0	2	1	15	0	4	0	0	0	0	0	0	0	0	0	1	0	0	0	3	0	0	0	1	1	1	1	1	1	1	1	0	1	1	1	1	1	1	1	1	1	1	1	1	1	1	1	1	1	1	1	1	1	1	1	1	1	1	1	1	1	1	1	1	1	1	1	1	1	1	1	1
O116	47	0	1	3	2	2	7	1	0	0	1	2	17	0	0	0	0	0	0	0	0	0	0	0	0	0	0	0	0	0	0	0	1	1	1	1	1	1	1	1	1	1	1	1	1	1	1	1	1	1	1	1	1	1	1	1	1	1	1	1	1	1	1	1	1	1	1	1	1	1	1	1	1	1	1	1	1	1	1	1	1
O117	42	5	0	3	3	2	5	1	0	0	1	1	12	0	5	0	0	0	0	0	0	0	0	0	3	0	0	0	2	0	0	0	1	1	1	1	1	1	1	1	1	1	1	1	1	1	1	1	1	1	1	1	1	1	1	1	1	1	1	1	1	1	1	1	1	1	1	1	1	1	1	1	1	1	1	1	1	1	1	1	1
O118	44	2	1	3	2	2	5	1	0	0	1	2	15	0	2	0	0	0	0	0	0	0	0	0	0	0	0	0	2	0	0	0	1	1	1	0	1	1	1	1	0	1	1	1	0	1	1	1	1	1	1	1	1	1	1	1	1	1	1	1	1	1	1	1	1	1	1	1	1	1	1	0	1	1	1	1	1	1	1	0	0
O119	43	2	0	3	1	2	5	2	0	0	1	1	14	0	2	0	0	0	0	0	0	0	0	0	0	0	0	0	2	0	0	0	1	1	1	1	1	1	1	1	1	0	1	1	1	1	1	1	0	1	1	1	0	1	1	1	0	1	1	1	1	1	1	1	1	1	1	1	1	1	1	1	1	1	1	1	1	1	1	1	1
O12	41	3	1	3	2	2	6	1	0	0	1	2	13	0	3	0	0	0	0	0	0	0	0	0	1	0	0	0	2	0	0	0	1	1	1	0	1	1	1	1	1	1	1	1	0	1	1	1	1	1	1	1	1	1	1	1	1	1	1	1	1	1	1	1	1	1	1	1	1	1	1	0	1	1	1	1	1	1	1	0	0
O120	43	3	1	3	2	2	3	1	0	0	1	1	12	0	3	0	0	0	0	0	0	0	1	0	0	0	0	0	2	0	0	0	1	1	1	1	1	1	1	1	1	1	1	1	1	1	1	1	1	1	1	1	1	1	1	1	1	1	1	1	1	1	1	1	1	1	1	1	1	1	1	1	1	1	1	1	1	1	1	1	1
O121	43	4	2	4	1	2	4	1	0	0	1	1	14	0	4	0	0	0	0	0	0	0	0	0	1	0	0	0	3	0	0	0	1	1	1	1	1	1	1	1	1	1	1	1	1	1	1	1	1	1	1	1	1	1	1	1	1	1	1	1	1	1	1	1	1	1	1	1	1	1	1	1	1	1	1	1	1	1	1	1	1
O123	47	3	2	3	1	2	5	1	0	0	1	2	15	0	3	0	0	0	0	0	0	0	0	0	1	0	0	0	2	0	0	0	1	1	1	1	1	1	1	1	1	1	1	1	1	1	1	1	1	1	1	1	1	1	1	1	1	1	1	1	1	1	1	1	1	1	1	1	1	1	1	1	1	1	1	1	1	1	1	1	1
O124	34	5	0	4	1	1	5	1	0	0	1	1	10	1	5	0	0	0	0	0	0	0	0	0	3	0	0	1	1	0	0	0	0	1	1	1	1	1	1	1	1	0	1	1	0	1	1	1	0	1	1	1	0	1	1	1	0	1	1	0	1	1	1	1	1	0	1	1	1	1	1	1	1	1	1	0	1	1	1	1	1
O126	50	5	2	3	0	2	6	2	0	0	2	2	17	1	5	0	0	0	0	1	0	0	0	0	2	0	0	0	2	0	0	0	1	1	1	1	1	1	1	1	1	1	1	1	0	0	1	1	1	1	1	1	1	1	1	1	1	1	1	1	1	1	1	1	1	1	1	1	1	1	1	1	1	1	1	1	1	1	1	1	1
O127	44	3	3	3	0	1	4	2	2	0	1	2	10	0	3	0	0	0	0	1	0	0	0	0	2	0	0	0	0	0	0	0	1	1	1	1	1	1	1	1	1	1	1	1	0	0	1	0	1	1	1	1	0	1	1	1	1	1	1	1	1	1	1	1	1	1	1	1	1	0	1	1	1	0	1	0	0	0	0	1	1
O128ab	44	4	1	3	2	2	4	2	0	0	2	1	14	1	4	0	0	0	0	1	0	0	0	0	1	0	0	0	2	0	0	0	1	1	1	1	1	1	1	1	1	1	1	1	0	1	1	1	1	1	1	1	1	1	1	1	1	1	1	1	1	1	1	1	1	1	1	1	1	1	1	1	1	1	1	1	1	1	1	1	1
O128ac	44	4	1	3	2	2	4	2	0	0	2	1	14	1	4	0	0	0	0	1	0	0	0	0	1	0	0	0	2	0	0	0	1	1	1	1	1	1	1	1	1	1	1	1	0	1	1	1	1	1	1	1	1	1	1	1	1	1	1	1	1	1	1	1	1	1	1	1	1	1	1	1	1	1	1	1	1	1	1	1	1
O129	29	3	1	1	1	2	3	0	0	0	1	1	12	0	3	0	0	0	0	0	0	0	0	0	2	0	0	0	1	0	0	0	1	1	0	0	0	0	0	1	0	1	1	1	1	1	1	1	1	1	0	1	1	0	0	0	1	0	0	1	0	1	0	1	1	1	0	0	1	1	1	0	0	1	0	1	1	1	1	0	0
O13	21	2	1	0	1	2	2	0	0	0	1	0	11	0	2	0	0	0	0	0	0	0	0	0	1	0	0	0	1	0	0	0	1	1	0	0	0	0	0	1	0	1	1	0	1	1	1	1	1	1	0	1	1	0	0	0	1	0	0	1	0	0	0	1	0	1	0	0	0	1	1	0	0	1	0	1	1	1	1	0	0
O130	43	4	1	3	2	2	6	1	0	0	1	2	14	0	4	0	0	0	0	0	0	0	0	0	2	0	0	0	2	0	0	0	1	1	1	1	1	1	1	1	1	1	1	1	0	1	1	1	1	1	1	1	1	1	1	1	1	1	1	1	1	1	1	1	1	1	1	1	1	1	1	1	1	1	1	1	1	1	1	1	1
O131	41	4	1	3	1	2	2	1	0	0	1	1	10	0	4	0	0	0	0	0	0	0	0	1	1	0	0	0	1	1	0	0	1	1	1	1	1	1	1	1	0	1	1	1	0	1	1	1	1	1	1	1	1	1	1	1	1	1	1	1	1	1	1	1	1	1	1	1	1	1	1	1	1	1	1	1	1	1	1	1	1
O132	47	1	1	3	1	2	5	1	0	0	2	1	15	1	1	0	0	0	0	0	0	0	0	0	0	0	0	0	1	0	0	0	1	1	1	1	1	1	1	1	1	1	1	1	1	1	1	1	1	1	1	1	1	1	1	1	1	1	1	1	1	1	1	1	1	1	1	1	1	1	1	1	1	1	1	1	1	1	1	1	1
O133	45	2	1	4	2	2	4	1	0	0	1	1	13	0	2	0	0	0	0	0	0	0	0	0	0	0	0	0	2	0	0	0	1	1	1	0	1	1	1	1	0	0	1	1	1	1	1	1	1	1	1	1	1	1	1	1	1	1	1	1	1	1	1	1	1	1	1	1	1	1	1	0	1	1	1	1	1	1	1	0	0
O134	44	4	1	3	1	2	5	1	0	1	1	2	14	1	4	0	0	0	0	0	0	0	0	1	2	0	0	0	1	0	0	0	1	1	1	1	1	1	1	1	1	1	1	1	0	1	1	1	1	1	1	1	1	1	1	1	1	1	1	1	1	1	1	1	1	1	1	1	1	1	1	1	1	1	1	1	1	1	1	1	1
O135	44	3	1	3	1	2	2	1	0	0	1	1	13	1	3	0	0	0	0	0	0	0	0	0	2	0	0	0	1	0	0	0	1	1	1	0	1	1	1	1	1	1	1	1	1	1	1	1	1	1	1	1	1	1	1	1	1	1	1	1	1	1	1	1	1	1	1	1	1	1	1	0	1	1	1	1	1	1	1	0	0
O136	13	1	0	2	0	1	1	0	0	0	0	1	3	0	1	0	0	0	0	0	0	0	0	0	0	0	1	0	0	0	0	0	1	1	0	0	0	0	0	1	0	0	1	1	0	0	1	1	0	1	0	1	0	0	0	0	1	0	0	0	0	1	0	1	1	0	0	0	1	0	1	0	1	0	1	0	0	0	1	0	0
O137	44	3	1	3	0	2	8	1	0	0	1	2	15	1	3	0	0	0	0	0	0	0	0	0	0	1	0	0	2	0	0	0	1	1	1	1	1	1	1	1	1	1	1	1	0	0	1	1	1	1	1	1	1	1	1	1	1	1	1	1	1	1	1	1	1	1	1	1	1	1	1	1	1	1	1	1	1	1	1	1	1
O138	29	2	0	4	1	1	3	1	0	0	0	1	5	1	2	0	0	0	0	0	0	0	0	0	1	0	0	0	1	0	0	0	0	0	1	1	1	1	1	0	1	0	1	1	0	1	1	0	0	1	1	1	0	1	1	1	0	1	1	0	1	1	1	1	1	0	1	1	1	0	1	1	1	0	1	0	0	0	0	1	1
O139	44	2	1	3	2	2	6	1	0	0	1	1	14	0	2	0	0	0	0	0	0	0	0	0	1	0	0	0	1	0	0	0	1	1	1	1	1	1	1	1	1	1	1	1	1	1	1	1	1	1	1	1	1	1	1	1	1	1	1	1	1	1	1	1	1	1	1	1	1	1	1	1	1	1	1	1	1	1	1	1	1
O141	44	5	1	3	1	2	6	2	0	0	2	1	15	0	5	0	0	0	0	0	0	0	0	0	1	0	0	0	4	0	0	0	1	1	1	1	1	1	1	1	1	1	1	1	1	1	1	1	1	1	1	1	1	1	1	1	1	1	1	1	1	1	1	1	1	1	1	1	1	1	1	1	1	1	1	1	1	1	1	1	1
O142	42	5	0	3	3	2	5	1	0	0	1	1	12	1	5	0	0	0	0	0	0	0	0	0	2	0	0	0	3	0	0	0	1	1	1	1	1	1	1	1	1	1	1	1	1	1	1	1	1	1	1	1	1	1	1	1	1	1	1	1	1	1	1	1	1	1	1	1	1	1	1	1	1	1	1	1	1	1	1	1	1
O143	24	1	1	0	1	2	4	0	0	1	1	1	12	0	1	0	0	0	0	0	0	0	0	0	0	0	0	0	1	0	0	0	1	1	0	0	1	0	0	1	1	1	1	0	0	1	1	1	1	1	0	1	1	0	0	0	1	0	0	1	0	0	0	1	0	1	0	0	1	1	1	0	0	1	1	1	1	1	1	0	0
O146	44	3	0	3	2	2	4	1	0	0	1	1	13	1	3	0	0	0	0	0	0	0	0	0	1	0	0	0	2	0	0	0	1	1	1	1	1	1	1	1	1	1	1	1	1	1	1	1	1	1	1	1	1	1	1	1	1	1	1	1	1	1	1	1	1	1	1	1	1	1	1	1	1	1	1	1	1	1	1	1	1
O147	43	2	0	3	3	2	3	1	0	0	1	1	11	1	2	0	0	0	0	0	0	0	0	0	1	0	0	0	1	0	0	0	1	1	1	1	1	1	1	1	1	1	1	1	1	1	1	1	1	1	1	1	1	1	1	1	1	1	1	1	1	1	1	1	1	1	1	1	1	1	1	1	1	1	1	1	1	1	1	1	1
O148	43	2	1	3	1	2	3	1	0	0	1	1	13	1	2	0	0	0	0	0	0	0	0	0	0	0	0	0	2	0	0	0	1	1	1	1	1	1	1	1	1	1	1	1	1	1	1	1	1	1	1	1	1	1	1	1	1	1	1	1	1	1	1	1	1	1	1	1	1	1	1	1	1	1	1	1	1	1	1	1	1
O149	45	2	1	3	1	2	3	1	0	0	1	2	13	1	2	0	0	0	0	0	0	0	0	0	1	0	0	0	1	0	0	0	1	1	1	1	1	1	1	1	1	1	1	1	1	1	1	1	1	1	1	1	1	1	1	1	1	1	1	1	1	1	1	1	1	1	1	1	1	1	1	1	1	1	1	1	1	1	1	1	1
O15	43	2	1	3	2	2	5	1	0	0	1	2	12	0	2	0	0	0	0	0	0	0	0	0	1	0	0	0	1	0	0	0	1	1	1	1	1	1	1	1	1	1	1	1	0	1	1	1	1	1	1	1	1	1	1	1	1	1	1	1	1	1	1	1	1	1	1	1	1	1	1	1	1	1	1	1	1	1	1	1	1
O150	46	1	1	3	1	2	5	1	0	0	1	1	14	0	1	0	0	0	0	0	0	0	0	0	0	0	0	0	1	0	0	0	1	1	1	1	1	1	1	1	1	1	1	1	1	1	1	1	1	1	1	1	1	1	1	1	1	1	1	1	1	1	1	1	1	1	1	1	1	1	1	1	1	1	1	1	1	1	1	1	1
O151	41	2	1	3	2	2	5	1	0	0	1	2	14	0	2	0	0	0	0	0	0	0	0	0	0	0	0	0	2	0	0	0	1	1	1	0	1	1	1	1	0	1	1	1	0	1	1	1	1	1	1	1	1	1	1	1	1	1	1	1	1	1	1	1	1	1	1	1	1	1	1	0	1	1	1	1	1	1	1	0	0
O152	43	3	0	3	1	2	4	1	0	0	1	1	12	1	3	0	0	0	0	0	0	0	0	0	1	0	0	0	2	0	0	0	1	1	1	1	1	1	1	1	1	1	1	1	1	1	1	1	1	1	1	1	1	1	1	1	1	1	1	1	1	1	1	1	1	1	1	1	1	1	1	1	1	1	1	1	1	1	1	1	1
O154	18	1	0	0	2	2	1	0	0	0	1	0	7	0	1	0	0	0	0	0	0	0	0	0	0	0	0	0	1	0	0	0	1	1	0	0	0	0	0	1	0	1	1	0	1	1	1	1	1	1	0	1	1	0	0	0	1	0	0	1	0	0	0	1	0	1	0	0	0	1	1	0	0	1	0	1	1	1	1	0	0
O155	44	4	1	3	2	2	5	2	0	0	2	1	15	0	4	0	0	0	0	0	0	0	0	0	1	0	0	0	3	0	0	0	1	1	1	1	1	1	1	1	0	1	1	1	1	1	1	1	1	1	1	1	1	1	1	1	1	1	1	1	1	1	1	1	1	1	1	1	1	1	1	1	1	1	1	1	1	1	1	1	1
O156	44	5	2	3	0	2	7	2	0	0	2	2	17	0	5	0	0	0	0	0	0	0	0	0	2	0	0	0	3	0	0	0	1	1	1	1	1	1	1	1	0	1	1	1	0	0	1	1	1	1	1	1	1	1	1	1	1	1	1	1	1	1	1	1	1	1	1	1	1	1	1	1	1	1	1	1	1	1	1	1	1
O157	40	0	2	3	1	2	6	2	0	0	2	2	14	0	0	0	0	0	0	0	0	0	0	0	0	0	0	0	0	0	0	0	1	1	1	0	1	1	1	1	0	1	1	1	0	1	1	1	1	1	1	1	1	1	1	1	1	1	1	1	1	1	1	1	1	1	1	1	1	1	1	0	1	1	1	1	1	1	1	0	0
O159	42	0	2	3	1	2	7	2	0	0	2	2	16	0	0	0	0	0	0	0	0	0	0	0	0	0	0	0	0	0	0	0	1	1	1	0	1	1	1	1	0	1	1	1	0	1	1	1	1	1	1	1	1	1	1	1	1	1	1	1	1	1	1	1	1	1	1	1	1	1	1	0	1	1	1	1	1	1	1	0	0
O16	45	3	1	3	1	2	3	1	0	0	2	1	14	0	3	0	0	0	0	0	0	1	0	0	0	0	0	0	2	0	0	0	1	1	1	1	1	1	1	1	1	1	1	1	1	1	1	1	1	1	1	1	1	1	1	1	1	1	1	1	1	1	1	1	1	1	1	1	1	1	1	1	1	1	1	1	1	1	1	1	1
O160	43	0	1	3	1	2	6	1	0	0	1	2	14	1	0	0	0	0	0	0	0	0	0	0	0	0	0	0	0	0	0	0	1	1	1	0	1	1	1	1	1	1	1	1	0	1	1	1	1	1	1	1	1	1	1	1	1	1	1	1	1	1	1	1	1	1	1	1	1	1	1	0	1	1	1	1	1	1	1	0	0
O161	40	2	0	3	1	2	2	1	0	1	1	0	11	1	2	0	0	0	0	0	0	0	0	0	1	0	0	0	1	0	0	0	1	1	1	1	1	1	1	1	1	1	1	1	0	1	1	1	0	1	1	1	1	1	1	1	0	1	1	1	1	1	1	1	1	1	1	1	0	1	1	1	1	1	1	1	1	1	1	1	1
O162	44	3	1	2	1	0	4	0	1	0	2	0	7	3	3	0	0	0	0	0	0	0	0	0	0	0	0	0	3	0	0	0	0	1	0	0	1	1	0	1	1	0	1	1	0	1	0	1	0	1	1	1	0	0	0	0	0	0	0	0	0	0	0	0	0	0	0	0	0	0	1	0	0	0	1	0	0	0	1	0	0
O163	41	2	1	3	1	2	5	1	0	0	2	2	13	0	2	0	0	0	0	0	0	0	0	0	0	0	0	0	1	0	0	1	1	1	1	1	1	1	1	1	0	1	1	1	1	1	1	1	1	1	1	1	1	1	1	1	1	1	1	1	1	1	1	1	1	1	1	1	1	1	1	1	1	1	1	1	1	1	1	1	1
O164	30	4	0	4	0	1	4	1	0	0	1	1	8	1	4	0	0	0	0	0	0	0	0	0	3	0	0	1	0	0	0	0	0	0	1	1	1	1	1	0	1	0	1	1	0	0	1	0	0	1	1	1	0	1	1	1	0	1	1	0	1	1	1	1	1	0	1	1	1	1	1	1	1	1	1	0	0	0	0	1	1
O165	40	2	1	4	0	2	3	1	0	0	1	1	10	0	2	0	0	0	0	0	0	0	0	0	1	0	0	0	1	0	0	0	1	1	1	0	1	1	1	1	1	1	1	1	0	0	1	1	1	1	1	1	1	1	1	1	1	1	1	1	1	1	1	1	1	1	1	1	1	1	1	0	1	1	1	1	1	1	1	0	0
O166	42	5	1	3	2	2	7	1	0	0	1	2	14	0	5	0	0	0	0	0	0	0	0	0	1	0	0	0	4	0	0	0	1	1	1	1	1	1	1	1	1	1	1	1	0	1	1	1	1	1	1	1	1	1	1	1	1	1	1	1	1	1	1	1	1	1	1	1	1	1	1	1	1	1	1	1	1	1	1	1	1
O167	47	7	2	3	1	2	9	1	0	1	2	2	17	1	7	0	0	0	0	0	0	0	0	0	4	0	0	0	3	0	0	0	1	1	1	0	1	1	1	1	1	1	1	1	0	1	1	1	1	1	1	1	1	1	1	1	1	1	1	1	1	1	1	1	1	1	1	1	1	1	1	0	1	1	1	1	1	1	1	0	0
O168	43	6	2	3	0	2	8	2	0	0	2	2	18	0	6	0	0	0	0	0	0	0	0	0	3	0	0	0	3	0	0	0	1	1	1	0	1	1	1	1	0	1	1	1	0	0	1	1	1	1	1	1	1	1	1	1	1	1	1	1	1	1	1	1	1	1	1	1	1	1	1	0	1	1	1	1	1	1	1	0	0
O169	46	6	1	3	1	2	7	1	0	0	2	1	16	1	6	0	0	0	0	0	0	0	0	0	1	0	0	0	5	0	0	0	1	1	1	0	1	1	1	1	1	1	1	1	0	1	1	1	1	1	1	1	1	1	1	1	1	1	1	1	1	1	1	1	1	1	1	1	1	1	1	0	1	1	1	1	1	1	1	0	0
O17	42	1	0	3	0	2	3	2	0	0	2	1	10	0	1	0	0	0	0	0	0	0	0	0	0	0	0	0	1	0	0	0	1	1	1	1	1	1	1	1	1	1	1	1	0	0	1	1	1	1	1	1	1	1	1	1	1	1	1	1	1	1	1	1	1	1	1	1	1	1	1	1	1	1	1	1	1	1	1	1	1
O170	45	5	2	3	0	2	8	1	0	0	2	2	16	0	5	0	0	0	0	0	0	0	0	0	4	0	0	0	1	0	0	0	1	1	1	1	1	1	1	1	1	1	1	1	0	0	1	1	1	1	1	1	1	1	1	1	1	1	1	1	1	1	1	1	1	1	1	1	1	1	1	1	1	1	1	1	1	1	1	1	1
O171	44	5	1	3	2	2	5	1	0	0	1	1	14	1	5	0	0	0	0	0	0	0	0	0	3	0	0	0	1	1	0	0	0	1	1	1	1	1	1	1	1	1	1	1	0	1	1	1	1	1	1	1	1	1	1	1	1	1	1	1	1	1	1	1	1	1	1	1	1	1	1	1	1	1	1	1	1	1	1	1	1
O172	42	4	2	3	2	2	7	1	0	0	1	2	16	0	4	0	0	0	0	0	0	0	0	0	1	1	0	0	2	0	0	0	1	1	1	1	1	1	1	1	0	1	1	1	0	1	1	1	1	1	1	1	1	1	1	1	1	1	1	1	1	1	1	1	1	1	1	1	1	1	1	1	1	1	1	1	1	1	1	1	1
O173	49	4	1	3	0	2	6	2	0	0	2	2	15	1	4	0	0	0	0	0	0	0	0	0	2	0	0	0	2	0	0	0	1	1	1	1	1	1	1	1	1	1	1	1	0	0	1	1	1	1	1	1	1	1	1	1	1	1	1	1	1	1	1	1	1	1	1	1	1	1	1	1	1	1	1	1	1	1	1	1	1
O175	43	6	1	3	0	2	7	2	0	0	2	1	18	0	6	0	0	0	0	0	0	0	0	0	1	0	0	0	5	0	0	0	1	1	1	1	1	1	1	1	1	1	1	1	1	0	1	1	1	1	1	1	1	1	1	1	1	1	1	1	1	1	1	1	1	1	1	1	1	1	1	1	1	1	1	1	1	1	1	1	1
O176	40	1	0	3	1	2	3	1	0	0	2	1	10	1	1	0	0	0	0	0	0	0	0	0	0	0	0	0	1	0	0	0	0	1	1	1	1	1	1	1	1	1	1	1	0	1	1	1	0	1	1	1	1	1	1	1	0	1	1	1	1	1	1	1	1	1	1	1	1	1	1	1	1	1	1	1	1	1	1	1	1
O177	43	1	1	2	3	2	5	1	0	0	1	2	13	0	1	0	0	0	0	0	0	0	0	0	0	0	0	0	1	0	0	0	1	1	1	0	1	1	1	1	1	1	1	1	1	1	1	1	1	1	1	1	1	1	1	1	1	1	1	1	1	1	1	1	1	1	1	1	1	1	1	0	1	1	1	1	1	1	1	0	0
O178	41	4	1	3	2	2	4	1	0	0	1	1	12	1	4	0	0	0	0	0	0	0	0	0	1	0	0	0	3	0	0	0	1	1	1	0	1	1	1	1	1	1	1	1	0	1	1	1	1	1	1	1	1	1	1	1	1	1	1	1	1	1	1	1	1	1	1	1	1	1	1	0	1	1	1	1	1	1	1	0	0
O180	40	3	0	4	2	2	2	1	0	0	1	1	11	1	2	1	1	0	0	0	0	0	0	0	1	0	0	0	1	0	0	0	1	1	1	0	1	1	1	1	1	1	1	1	1	1	1	1	0	1	1	1	1	1	1	1	0	1	1	1	1	1	1	1	1	1	1	1	1	1	1	0	1	1	1	1	1	1	1	0	0
O181	42	2	0	3	2	2	4	1	0	0	1	1	11	1	2	0	0	0	0	0	0	0	0	0	0	0	0	0	2	0	0	0	0	1	1	1	1	1	1	1	1	1	1	1	1	1	1	1	1	1	1	1	1	1	1	1	1	1	1	1	1	1	1	1	1	1	1	1	1	1	1	1	1	1	1	1	1	1	1	1	1
O182	45	2	2	3	0	2	5	1	0	0	1	2	16	1	2	0	0	0	0	0	0	0	0	0	1	0	0	0	1	0	0	0	1	1	1	1	1	1	1	1	1	1	1	1	0	0	1	1	1	1	1	1	1	1	1	1	1	1	1	1	1	1	1	1	1	1	1	1	1	1	1	1	1	1	1	1	1	1	1	1	1
O183	46	5	1	3	1	2	6	1	0	0	2	1	15	0	5	0	0	0	0	0	0	0	0	0	1	0	0	0	4	0	0	0	1	1	1	1	1	1	1	1	1	1	1	1	0	1	1	1	1	1	1	1	1	1	1	1	1	1	1	1	1	1	1	1	1	1	1	1	1	1	1	1	1	1	1	1	1	1	1	1	1
O184	9	2	0	1	0	0	2	1	0	0	1	1	3	0	2	0	0	0	0	0	0	0	0	0	1	0	0	0	1	0	0	0	1	1	0	0	0	0	0	1	0	1	1	1	0	0	0	0	1	0	0	1	0	0	0	0	1	0	1	1	0	1	0	1	1	1	0	0	1	0	1	0	0	0	0	0	0	0	0	0	0
O185	40	4	1	3	2	2	5	1	0	0	1	1	12	0	4	0	0	0	0	0	0	0	0	0	3	0	0	0	1	0	0	0	1	1	1	0	1	1	1	1	1	1	1	1	0	1	1	1	1	1	1	1	1	1	1	1	1	1	1	1	1	1	1	1	1	1	1	1	1	1	1	0	1	1	1	1	1	1	1	0	0
O186	47	3	2	3	1	2	5	1	0	0	1	2	15	0	3	0	0	0	0	0	0	0	0	0	1	0	0	0	2	0	0	0	1	1	1	1	1	1	1	1	1	1	1	1	1	1	1	1	1	1	1	1	1	1	1	1	1	1	1	1	1	1	1	1	1	1	1	1	1	1	1	1	1	1	1	1	1	1	1	1	1
O187	43	6	1	3	0	2	7	3	0	0	2	1	18	0	6	0	0	0	0	0	0	0	0	0	1	0	0	0	5	0	0	0	1	1	1	1	1	1	1	1	0	1	1	1	1	0	1	1	1	1	1	1	1	1	1	1	1	1	1	1	1	1	1	1	1	1	1	1	1	1	1	1	1	1	1	1	1	1	1	1	1
O18A	19	1	1	0	1	2	2	0	0	0	1	0	9	0	1	0	0	0	0	0	0	0	0	0	0	0	0	0	1	0	0	0	1	1	0	0	0	0	0	1	0	1	1	0	1	1	1	1	1	1	0	1	1	0	0	0	1	0	0	1	0	0	0	1	0	1	0	0	0	1	1	0	0	1	0	1	1	1	1	0	0
O18ab	42	5	1	3	1	2	6	1	0	0	1	1	14	0	5	0	0	0	0	0	0	0	0	0	2	0	0	0	3	0	0	0	1	1	1	1	1	1	1	1	1	1	1	1	1	1	1	1	1	1	1	1	1	1	1	1	1	1	1	1	1	1	1	1	1	1	1	1	1	1	1	1	1	1	1	1	1	1	1	1	1
O18ac	42	5	1	3	1	2	6	1	0	0	1	1	14	0	5	0	0	0	0	0	0	0	0	0	2	0	0	0	3	0	0	0	1	1	1	1	1	1	1	1	1	1	1	1	1	1	1	1	1	1	1	1	1	1	1	1	1	1	1	1	1	1	1	1	1	1	1	1	1	1	1	1	1	1	1	1	1	1	1	1	1
O2	45	2	0	3	1	2	3	2	0	0	1	1	12	0	2	0	0	0	0	0	0	0	0	0	1	0	0	0	1	0	0	0	1	1	1	1	1	1	1	1	1	1	1	1	1	1	1	1	1	1	1	1	1	1	1	1	1	1	1	1	1	1	1	1	1	1	1	1	1	1	1	1	1	1	1	1	1	1	1	1	1
O21	45	3	1	3	1	2	7	1	0	0	1	2	15	1	3	0	0	0	0	0	0	0	0	0	1	1	0	0	1	0	0	0	1	1	1	1	1	1	1	1	1	1	1	1	0	1	1	1	1	1	1	1	1	1	1	1	1	1	1	1	1	1	1	1	1	1	1	1	1	1	1	1	1	1	1	1	1	1	1	1	1
O22	43	5	1	3	2	2	5	1	0	0	1	1	13	0	5	0	0	0	0	0	0	0	0	0	2	0	0	0	3	0	0	0	1	1	1	1	1	1	1	1	1	1	1	1	0	1	1	1	1	1	1	1	1	1	1	1	1	1	1	1	1	1	1	1	1	1	1	1	1	1	1	1	1	1	1	1	1	1	1	1	1
O24	38	4	1	3	2	2	4	1	0	0	1	1	10	0	4	0	0	0	1	0	0	0	0	0	1	0	0	0	2	0	0	0	0	1	1	0	1	1	1	1	1	1	1	1	0	1	1	1	0	1	1	1	0	1	1	1	0	1	1	0	1	1	1	1	1	1	1	1	1	1	1	0	1	1	1	1	1	1	1	0	0
O25	41	3	1	3	1	2	6	1	0	0	1	0	14	0	3	0	0	0	0	0	0	0	0	0	1	0	0	0	2	0	0	0	1	1	1	1	1	1	1	1	1	1	1	1	1	1	1	1	1	1	1	1	1	1	1	1	1	1	1	1	1	1	1	1	1	1	1	1	0	1	1	1	1	1	1	1	1	1	1	1	1
O25B	41	3	1	3	1	2	6	1	0	0	1	0	14	0	3	0	0	0	0	0	0	0	0	0	1	0	0	0	2	0	0	0	1	1	1	1	1	1	1	1	1	1	1	1	1	1	1	1	1	1	1	1	1	1	1	1	1	1	1	1	1	1	1	1	1	1	1	1	0	1	1	1	1	1	1	1	1	1	1	1	1
O26	43	1	1	3	3	2	4	1	0	0	1	1	12	0	1	0	0	0	0	0	0	0	0	0	0	0	0	0	1	0	0	0	1	1	1	1	1	1	1	1	1	1	1	1	1	1	1	1	1	1	1	1	1	1	1	1	1	1	1	1	1	1	1	1	1	1	1	1	1	1	1	1	1	1	1	1	1	1	1	1	1
O27	44	5	1	3	1	2	7	1	0	0	1	2	16	1	5	0	0	0	0	0	0	0	0	1	2	0	0	0	2	0	0	0	1	1	1	1	1	1	1	1	1	1	1	1	0	1	1	1	1	1	1	1	1	1	1	1	1	1	1	1	1	1	1	1	1	1	1	1	1	1	1	1	1	1	1	1	1	1	1	1	1
O28ab	36	3	0	3	0	2	3	1	0	0	1	1	11	1	3	0	0	0	0	0	0	0	0	0	2	0	0	0	1	0	0	0	0	1	1	0	1	1	1	1	1	1	1	1	0	0	1	1	1	1	1	1	1	1	1	1	1	1	1	1	1	1	1	1	1	1	1	1	1	1	1	0	1	1	1	1	1	1	1	0	0
O28ac	14	2	0	2	0	1	3	0	0	0	1	1	7	0	2	0	0	0	0	0	0	0	0	0	1	0	0	0	1	0	0	0	0	1	0	0	0	0	0	1	0	0	0	1	0	0	1	1	0	1	1	1	0	0	0	0	0	0	0	0	0	1	0	0	1	0	0	0	1	1	0	0	0	1	1	0	1	1	1	0	0
O29	28	3	1	1	2	2	6	0	0	0	1	1	13	0	3	0	0	0	0	0	0	0	0	0	0	0	0	0	3	0	0	0	1	1	0	0	0	0	0	1	0	1	1	1	0	1	1	1	1	1	1	1	1	0	0	0	1	0	0	1	0	1	0	1	1	1	0	0	1	1	1	0	0	1	1	1	1	1	1	0	0
O3	42	4	0	3	0	2	5	1	0	0	1	1	11	0	4	0	0	0	0	0	0	0	0	0	1	0	0	0	3	0	0	0	1	1	1	1	1	1	1	1	1	1	1	1	1	0	1	1	1	1	1	1	1	1	1	1	1	1	1	1	1	1	1	1	1	1	1	1	1	1	1	1	1	1	1	1	1	1	1	1	1
O30	23	3	1	1	0	2	6	0	0	0	1	2	12	0	3	0	0	0	0	0	0	0	0	0	1	0	0	0	2	0	0	0	1	1	0	0	0	0	0	1	1	1	1	1	0	0	1	1	1	1	0	1	1	0	0	0	1	0	0	1	0	1	0	1	1	1	0	0	1	1	1	0	0	1	0	1	1	1	1	0	0
O32	44	5	2	3	0	2	7	1	0	0	1	2	16	1	5	0	0	0	0	0	0	0	0	0	2	0	1	0	2	0	0	0	1	1	1	1	1	1	1	1	1	1	1	1	0	0	1	1	1	1	1	1	1	1	1	1	1	1	1	1	1	1	1	1	1	1	1	1	1	1	1	1	1	1	1	1	1	1	1	1	1
O33	42	3	1	3	1	2	5	1	0	0	1	2	13	0	3	0	0	0	0	0	0	0	0	0	1	1	0	0	1	0	0	0	1	1	1	1	1	1	1	1	0	1	1	1	0	1	1	1	1	1	1	1	1	1	1	1	1	1	1	1	1	1	1	1	1	1	1	1	1	1	1	1	1	1	1	1	1	1	1	1	1
O35	22	2	0	1	2	2	2	0	0	0	1	1	8	0	2	0	0	0	0	0	0	0	1	0	0	0	0	0	1	0	0	0	1	1	0	0	0	0	0	1	1	1	1	1	1	1	1	1	1	1	0	1	1	0	0	0	1	0	0	1	0	0	0	1	0	1	0	0	1	1	1	0	0	1	1	1	1	1	1	0	0
O36	44	4	1	3	1	2	5	2	0	0	2	1	14	0	4	0	0	0	0	0	0	0	0	0	2	0	0	0	2	0	0	0	1	1	1	1	1	1	1	1	0	1	1	1	1	1	1	1	1	1	1	1	1	1	1	1	1	1	1	1	1	1	1	1	1	1	1	1	1	1	1	1	1	1	1	1	1	1	1	1	1
O37	43	4	1	3	0	2	6	1	0	0	1	1	13	0	4	0	0	0	0	0	0	0	0	0	1	0	0	0	3	0	0	0	1	1	1	1	1	1	1	1	1	1	1	1	1	0	1	1	1	1	1	1	1	1	1	1	1	1	1	1	1	1	1	1	1	1	1	1	1	1	1	1	1	1	1	1	1	1	1	1	1
O38	44	0	1	3	2	2	6	1	0	0	1	2	13	0	0	0	0	0	0	0	0	0	0	0	0	0	0	0	0	0	0	0	1	1	1	1	1	1	1	1	1	1	1	1	0	1	1	1	1	1	1	1	1	1	1	1	1	1	1	1	1	1	1	1	1	1	1	1	1	1	1	1	1	1	1	1	1	1	1	1	1
O39	44	1	0	3	1	2	4	2	0	0	2	1	14	0	1	0	0	0	0	0	0	0	0	0	0	0	0	0	1	0	0	0	1	1	1	1	1	1	1	1	1	1	1	1	1	1	1	1	1	1	1	1	1	1	1	1	1	1	1	1	1	1	1	1	1	1	1	1	1	1	1	1	1	1	1	1	1	1	1	1	1
O40	65	4	0	3	0	2	5	2	0	0	2	1	13	1	4	0	0	0	0	0	0	0	0	0	0	1	0	0	3	0	0	0	1	1	1	1	1	1	1	1	1	1	1	1	0	0	1	1	1	1	1	1	1	1	1	1	1	1	1	1	1	1	1	1	1	1	1	1	1	1	1	1	1	1	1	1	1	1	1	1	1
O41	43	5	2	3	0	2	8	2	0	0	2	2	17	0	5	0	0	0	0	0	0	0	0	0	3	0	0	0	2	0	0	0	1	1	1	0	1	1	1	1	0	1	1	1	0	0	1	1	1	1	1	1	1	1	1	1	1	1	1	1	1	1	1	1	1	1	1	1	1	1	1	0	1	1	1	1	1	1	1	0	0
O42	45	3	2	3	0	2	6	1	0	0	2	2	16	1	3	0	0	0	0	0	0	0	0	0	2	0	0	0	1	0	0	0	1	1	1	1	1	1	1	1	1	1	1	1	0	0	1	1	1	1	1	1	1	1	1	1	1	1	1	1	1	1	1	1	1	1	1	1	1	1	1	1	1	1	1	1	1	1	1	1	1
O43	44	4	1	3	1	2	7	2	0	0	2	2	16	0	4	0	0	0	0	0	0	0	0	0	2	0	0	0	2	0	0	0	1	1	1	1	1	1	1	1	0	1	1	1	0	1	1	1	1	1	1	1	1	1	1	1	1	1	1	1	1	1	1	1	1	1	1	1	1	1	1	1	1	1	1	1	1	1	1	1	1
O44	41	1	0	3	0	2	3	2	0	0	2	1	10	0	1	0	0	0	0	0	0	0	0	0	0	0	0	0	1	0	0	0	1	1	1	1	1	1	1	1	0	1	1	1	0	0	1	1	1	1	1	1	1	1	1	1	1	1	1	1	1	1	1	1	1	1	1	1	1	1	1	1	1	1	1	1	1	1	1	1	1
O45	47	2	1	3	3	2	3	1	0	0	1	1	11	1	2	0	0	0	0	0	0	0	0	0	1	0	0	0	1	0	0	0	1	1	1	1	1	1	1	1	1	1	1	1	1	1	1	1	1	1	1	1	1	1	1	1	1	1	1	1	1	1	1	1	1	1	1	1	1	1	1	1	1	1	1	1	1	1	1	1	1
O46	44	4	1	3	1	2	5	1	0	1	1	2	14	1	4	0	0	0	0	0	0	0	0	1	2	0	0	0	1	0	0	0	1	1	1	1	1	1	1	1	1	1	1	1	0	1	1	1	1	1	1	1	1	1	1	1	1	1	1	1	1	1	1	1	1	1	1	1	1	1	1	1	1	1	1	1	1	1	1	1	1
O48	44	4	0	3	3	2	5	1	0	0	1	1	13	1	4	0	0	0	0	0	0	0	0	0	1	0	0	0	3	0	0	0	1	1	1	0	1	1	1	1	1	1	1	1	1	1	1	1	1	1	1	1	1	1	1	1	1	1	1	1	1	1	1	1	1	1	1	1	1	1	1	0	1	1	1	1	1	1	1	0	0
O49	44	1	1	3	2	2	4	1	0	0	1	1	14	1	1	0	0	0	0	0	0	0	0	0	0	0	0	0	1	0	0	0	1	1	1	1	1	1	1	1	1	1	1	1	1	1	1	1	1	1	1	1	1	1	1	1	1	1	1	1	1	1	1	1	1	1	1	1	1	1	1	1	1	1	1	1	1	1	1	1	1
O50	3	0	0	0	1	0	0	0	0	0	0	1	0	0	0	0	0	0	0	0	0	0	0	0	0	0	0	0	0	0	0	0	0	0	0	0	0	0	0	0	0	0	0	0	1	1	0	0	0	0	0	0	0	0	0	0	0	0	0	0	0	0	0	0	0	0	0	0	1	0	0	0	0	0	0	0	0	0	0	0	0
O51	42	3	0	3	2	2	5	1	0	0	1	1	12	0	3	0	0	0	0	0	0	0	0	0	1	0	0	0	2	0	0	0	1	1	1	1	1	1	1	1	1	1	1	1	1	1	1	1	1	1	1	1	1	1	1	1	1	1	1	1	1	1	1	1	1	1	1	1	1	1	1	1	1	1	1	1	1	1	1	1	1
O52	40	3	0	3	0	1	4	2	0	0	2	0	13	2	3	0	0	0	0	0	0	0	0	0	1	0	0	0	2	0	0	0	1	1	1	0	1	1	1	1	0	1	1	1	1	0	1	1	1	1	1	1	1	1	1	1	1	1	1	1	1	1	1	1	1	1	1	1	0	1	1	0	1	1	1	1	1	1	1	0	0
O53	44	2	0	3	1	2	2	1	0	0	1	1	10	1	2	0	0	0	0	0	0	0	0	0	0	0	0	0	2	0	0	0	1	1	1	1	1	1	1	1	1	1	1	1	1	1	1	1	1	1	1	1	1	1	1	1	1	1	1	1	1	1	1	1	1	1	1	1	1	1	1	1	1	1	1	1	1	1	1	1	1
O56	40	4	1	3	1	2	4	1	0	0	1	1	11	0	4	0	0	0	1	0	0	0	0	0	1	0	0	0	2	0	0	0	0	1	1	1	1	1	1	1	1	1	1	1	0	1	1	1	0	1	1	1	1	1	1	1	0	1	1	1	1	1	1	1	1	1	1	1	1	1	1	1	1	1	1	1	1	1	1	1	1
O58	27	1	1	4	0	0	2	2	0	0	1	1	6	0	1	0	0	0	0	0	0	0	0	0	0	0	0	0	1	0	0	0	0	1	1	1	1	1	1	1	0	1	1	1	0	0	0	0	0	1	1	1	0	1	1	1	0	1	1	1	1	1	1	1	1	1	1	1	1	1	1	1	1	1	1	0	0	0	0	1	1
O59	21	2	1	0	1	2	3	0	0	0	1	0	10	0	2	0	0	0	0	0	0	0	0	0	0	0	0	0	2	0	0	0	1	1	0	0	0	0	0	1	0	1	1	0	1	1	1	1	1	1	0	1	1	0	0	0	1	0	0	1	0	0	0	1	0	1	0	0	0	1	1	0	0	1	0	1	1	1	1	0	0
O60	26	4	1	0	1	1	7	1	0	0	1	1	13	2	5	0	0	0	0	0	0	0	0	0	1	0	0	0	4	0	0	0	1	1	0	0	1	0	0	1	0	1	1	0	0	1	1	1	1	1	0	1	1	0	0	0	1	0	1	1	0	0	0	1	0	1	0	0	1	1	1	0	0	1	0	1	1	1	1	0	0
O61	44	2	1	3	2	2	2	1	0	0	1	1	12	1	2	0	0	0	0	0	0	0	0	0	1	0	0	0	1	0	0	0	1	1	1	1	1	1	1	1	1	1	1	1	0	1	1	1	0	1	1	1	0	1	1	1	0	1	1	0	1	1	1	1	1	1	1	1	1	1	1	1	1	1	1	1	1	1	1	1	1
O62	44	2	1	3	1	2	4	2	0	0	2	1	13	0	2	0	0	0	0	0	0	0	0	0	1	0	0	0	1	0	0	0	1	1	1	0	1	1	1	1	1	1	1	1	1	1	1	1	1	1	1	1	1	1	1	1	1	1	1	1	1	1	1	1	1	1	1	1	1	1	1	0	1	1	1	1	1	1	1	0	0
O63	47	1	0	3	0	2	3	2	0	0	1	1	13	0	1	0	0	0	0	0	0	0	0	0	0	0	0	0	1	0	0	0	1	1	1	1	1	1	1	1	1	1	1	1	1	0	1	1	1	1	1	1	1	1	1	1	1	1	1	1	1	1	1	1	1	1	1	1	1	1	1	1	1	1	1	1	1	1	1	1	1
O64	50	3	0	3	2	2	5	1	0	0	1	1	14	1	3	0	0	0	0	0	0	0	0	1	0	0	0	0	2	0	0	0	1	1	1	1	1	1	1	1	1	1	1	1	0	1	1	1	0	1	1	1	1	1	1	1	0	1	1	1	1	1	1	1	1	1	1	1	1	1	1	1	1	1	1	1	1	1	1	1	1
O65	47	5	1	3	2	2	6	1	0	0	1	1	16	0	5	0	0	0	0	0	0	0	0	0	2	0	0	0	3	0	0	0	1	1	1	1	1	1	1	1	1	1	1	1	1	1	1	1	1	1	1	1	1	1	1	1	1	1	1	1	1	1	1	1	1	1	1	1	1	1	1	1	1	1	1	1	1	1	1	1	1
O66	41	3	1	3	1	2	5	2	0	0	2	1	15	0	3	0	0	0	0	0	0	0	0	0	1	0	0	0	2	0	0	0	1	1	1	0	1	1	1	1	1	1	1	1	1	1	1	1	1	1	1	1	1	1	1	1	1	1	1	1	1	1	1	1	1	1	1	1	1	1	1	0	1	1	1	1	1	1	1	0	0
O68	42	5	1	3	1	2	6	1	0	0	1	1	14	0	5	0	0	0	0	0	0	0	0	0	2	0	0	0	3	0	0	0	1	1	1	1	1	1	1	1	1	1	1	1	1	1	1	1	1	1	1	1	1	1	1	1	1	1	1	1	1	1	1	1	1	1	1	1	1	1	1	1	1	1	1	1	1	1	1	1	1
O69	43	2	0	4	1	2	3	1	0	0	1	1	13	1	2	0	0	0	0	0	0	0	0	0	0	0	0	0	2	0	0	0	1	1	1	1	1	1	1	1	1	1	1	1	1	1	1	1	1	1	1	1	1	1	1	1	1	1	1	1	1	1	1	1	1	1	1	1	1	1	1	1	1	1	1	1	1	1	1	1	1
O7	44	3	2	3	1	2	3	2	0	0	2	2	16	0	3	0	0	0	0	0	0	0	0	0	1	0	0	0	2	0	0	0	1	1	1	0	1	1	1	1	1	1	1	1	1	1	1	1	1	1	1	1	1	1	1	1	1	1	1	1	1	1	1	1	1	1	1	1	1	1	1	0	1	1	1	1	1	1	1	0	0
O70	42	4	0	3	2	2	4	2	0	0	1	1	14	0	4	0	0	0	0	0	0	0	0	0	2	0	0	0	2	0	0	0	1	1	1	0	1	1	1	1	1	1	1	1	1	1	1	1	1	1	1	1	1	1	1	1	1	1	1	1	1	1	1	1	1	1	1	1	1	1	1	0	1	1	1	1	1	1	1	0	0
O71	43	2	0	3	2	2	3	2	0	0	1	1	14	1	2	0	0	0	0	0	0	0	0	0	1	0	0	0	1	0	0	0	1	1	1	1	1	1	1	1	1	1	1	1	1	1	1	1	0	1	1	1	1	1	1	1	0	1	1	1	1	1	1	1	1	1	1	1	1	1	1	1	1	1	1	1	1	1	1	1	1
O73	38	1	0	3	0	2	3	2	0	0	2	1	10	0	1	0	0	0	0	0	0	0	0	0	0	0	0	0	1	0	0	0	1	1	1	0	1	1	1	1	1	1	1	1	0	0	1	1	1	1	1	1	1	1	1	1	1	1	1	1	1	1	1	1	1	1	1	1	1	1	1	0	1	1	1	1	1	1	1	0	0
O74	47	4	1	3	1	2	5	2	0	0	1	1	16	1	4	0	0	0	0	0	0	0	0	0	2	0	0	0	2	0	0	0	1	1	1	1	1	1	1	1	1	1	1	1	1	1	1	1	1	1	1	1	1	1	1	1	1	1	1	1	1	1	1	1	1	1	1	1	1	1	1	1	1	1	1	1	1	1	1	1	1
O75	45	1	0	3	1	2	4	1	0	0	2	1	12	0	1	0	0	0	0	0	0	0	0	0	0	0	0	0	1	0	0	0	1	1	1	1	1	1	1	1	1	1	1	1	1	1	1	1	1	1	1	1	1	1	1	1	1	1	1	1	1	1	1	1	1	1	1	1	1	1	1	1	1	1	1	1	1	1	1	1	1
O76	47	2	1	3	2	2	4	1	0	0	1	2	15	0	2	0	0	0	0	0	0	0	0	0	1	0	0	0	1	0	0	0	1	1	1	1	1	1	1	1	0	1	1	1	0	1	1	1	1	1	1	1	1	1	1	1	1	1	1	1	1	1	1	1	1	1	1	1	1	1	1	1	1	1	1	1	1	1	1	1	1
O77	38	1	0	3	0	2	3	2	0	0	2	1	10	0	1	0	0	0	0	0	0	0	0	0	0	0	0	0	1	0	0	0	1	1	1	0	1	1	1	1	1	1	1	1	0	0	1	1	1	1	1	1	1	1	1	1	1	1	1	1	1	1	1	1	1	1	1	1	1	1	1	0	1	1	1	1	1	1	1	0	0
O78	43	2	0	3	0	2	4	1	0	0	2	1	12	1	2	0	0	0	0	0	0	0	0	0	0	0	0	0	2	0	0	0	0	1	1	1	1	1	1	1	1	1	1	1	0	0	1	1	1	1	1	1	1	1	1	1	1	1	1	1	1	1	1	1	1	1	1	1	1	1	1	1	1	1	1	1	1	1	1	1	1
O8	41	5	1	3	2	1	6	2	0	1	1	0	12	3	5	0	0	0	0	0	0	0	0	0	0	0	0	0	5	0	0	0	0	0	1	1	1	1	1	0	1	0	1	1	0	1	1	1	0	1	1	1	0	1	1	1	0	1	1	1	1	1	1	1	1	1	1	1	0	0	1	1	1	0	1	0	0	0	0	1	1
O82	44	3	1	3	0	2	6	1	0	0	1	2	16	1	3	0	0	0	0	0	0	0	0	0	1	0	0	1	1	0	0	0	1	1	1	1	1	1	1	1	1	1	1	1	0	0	1	1	1	1	1	1	1	1	1	1	1	1	1	1	1	1	1	1	1	1	1	1	1	1	1	1	1	1	1	1	1	1	1	1	1
O83	44	0	2	3	0	2	8	1	0	0	1	2	16	0	0	0	0	0	0	0	0	0	0	0	0	0	0	0	0	0	0	0	1	1	1	1	1	1	1	1	1	1	1	1	0	0	1	1	1	1	1	1	1	1	1	1	1	1	1	1	1	1	1	1	1	1	1	1	1	1	1	1	1	1	1	1	1	1	1	1	1
O85	43	3	1	3	1	2	6	1	0	0	2	2	13	0	3	0	0	0	0	0	0	0	0	0	1	0	0	0	2	0	0	0	1	1	1	1	1	1	1	1	0	1	1	1	0	1	1	1	1	1	1	1	1	1	1	1	1	1	1	1	1	1	1	1	1	1	1	1	1	1	1	1	1	1	1	1	1	1	1	1	1
O86	41	5	0	3	2	2	4	2	0	0	2	1	13	1	5	0	0	0	0	1	0	0	0	0	1	0	0	0	2	0	1	0	1	1	1	0	1	1	1	1	1	1	1	1	0	1	1	1	1	1	1	1	1	1	1	1	1	1	1	1	1	1	1	1	1	1	1	1	1	1	1	0	1	1	1	1	1	1	1	0	0
O87	45	4	1	3	2	2	5	1	0	0	2	2	13	1	4	0	0	0	0	0	1	0	0	0	0	0	0	0	3	0	0	0	1	1	1	1	1	1	1	1	1	1	1	1	0	1	1	1	1	1	1	1	1	1	1	1	1	1	1	1	1	1	1	1	1	1	1	1	1	1	1	1	1	1	1	1	1	1	1	1	1
O88	44	3	1	3	2	2	5	1	0	0	2	1	15	0	3	0	0	0	0	0	0	0	0	0	0	0	0	0	3	0	0	0	1	1	1	1	1	1	1	1	1	1	1	1	1	1	1	1	1	1	1	1	1	1	1	1	1	1	1	1	1	1	1	1	1	1	1	1	1	1	1	1	1	1	1	1	1	1	1	1	1
O9	37	6	0	3	1	1	3	3	0	0	2	1	9	3	5	1	0	1	0	0	0	0	0	0	0	0	0	0	5	0	0	0	0	0	1	1	1	1	1	0	1	0	1	1	0	1	1	0	0	1	1	1	0	1	1	1	1	1	1	1	1	1	1	1	1	1	1	1	0	0	1	1	1	0	1	0	0	0	0	1	1
O90	29	2	1	3	0	1	1	2	0	0	1	1	6	1	2	0	0	0	0	1	0	0	0	0	1	0	0	0	0	0	0	0	0	1	1	1	1	1	1	1	1	1	1	1	0	0	1	0	1	1	1	1	0	1	1	1	1	1	1	1	1	1	1	1	1	1	1	1	1	0	1	1	1	0	1	0	0	0	0	1	1
O91	45	2	1	3	0	2	5	2	0	0	1	1	15	1	2	0	0	0	0	0	0	0	0	0	1	0	0	0	1	0	0	0	1	1	1	1	1	1	1	1	1	1	1	1	1	0	1	1	1	1	1	1	1	1	1	1	1	1	1	1	1	1	1	1	1	1	1	1	1	1	1	1	1	1	1	1	1	1	1	1	1
O92	46	0	0	2	0	0	2	1	2	0	0	0	4	4	0	0	0	0	0	0	0	0	0	0	0	0	0	0	0	0	0	0	0	0	1	1	1	1	1	0	1	0	1	1	0	0	0	0	0	0	1	1	0	1	1	1	0	1	1	0	1	1	1	1	1	0	1	1	0	0	1	1	1	0	1	0	0	0	0	1	1
O93	41	2	2	3	0	2	5	2	0	0	2	2	15	0	2	0	0	0	0	0	0	0	0	0	1	0	0	0	1	0	0	0	1	1	1	0	1	1	1	1	1	1	1	1	0	0	1	1	1	1	1	1	1	1	1	1	1	1	1	1	1	1	1	1	1	1	1	1	1	1	1	0	1	1	1	1	1	1	1	0	0
O95	42	2	0	3	2	0	3	1	0	0	1	0	9	3	2	0	0	0	0	0	0	0	0	0	0	0	0	0	2	0	0	0	1	1	1	0	1	1	1	1	0	0	1	1	1	1	0	1	1	1	1	1	1	1	1	1	1	1	1	1	1	1	1	1	1	0	1	1	0	1	1	0	1	1	1	0	1	1	1	0	0
O96	44	6	2	3	0	2	8	1	0	0	2	2	17	1	6	0	0	0	0	0	0	0	0	0	4	0	0	0	2	0	0	0	1	1	1	0	1	1	1	1	1	1	1	1	0	0	1	1	1	1	1	1	1	1	1	1	1	1	1	1	1	1	1	1	1	1	1	1	1	1	1	0	1	1	1	1	1	1	1	0	0
O97	43	2	0	3	1	1	5	1	0	0	1	0	13	3	2	0	0	0	0	0	0	0	0	0	1	0	0	0	1	0	0	0	1	1	1	0	1	1	1	1	1	1	1	1	1	1	1	1	0	1	1	1	1	1	1	1	1	1	1	1	1	1	1	1	1	1	1	1	0	1	1	0	1	1	1	1	1	1	1	0	0
O98	41	2	1	4	2	2	4	1	0	0	1	2	12	0	2	0	0	0	0	0	0	0	0	0	0	0	0	0	2	0	0	0	1	1	1	1	1	1	1	1	0	1	1	1	1	1	1	1	1	1	1	1	1	1	1	1	1	1	1	1	1	1	1	1	1	1	1	1	1	1	1	1	1	1	1	1	1	1	1	1	1
O99	35	4	1	2	2	1	7	2	0	0	1	1	15	3	4	0	0	0	0	0	0	0	0	0	0	0	0	0	4	0	0	0	1	1	1	0	1	1	1	1	1	1	1	1	0	1	1	1	1	1	1	1	1	1	1	0	1	1	1	1	1	1	0	1	1	1	1	1	1	1	1	0	0	1	1	1	1	1	1	0	0
O9a	25	3	0	1	0	0	1	2	0	0	1	1	6	3	3	0	0	0	0	0	0	0	0	0	0	0	0	0	3	0	0	0	0	0	1	1	1	1	1	0	1	0	1	1	0	0	0	0	0	0	1	1	0	1	1	1	0	1	1	1	1	0	1	1	0	1	1	1	0	0	1	1	1	0	0	0	0	0	0	1	1
